habitable_surface,bedrooms_count,post_code,num_facade,target,predicted_target
74.0,3.0,8430,3.0,245000.0,204927.65242750227
95.0,3.0,9500,4.0,275000.0,259063.1427083244
160.0,2.0,1501,2.0,249000.0,358517.3988798365
91.0,3.0,9500,2.0,165000.0,187666.15839945272
265.0,5.0,1490,4.0,675000.0,559635.7440381558
183.0,3.0,1420,2.0,395000.0,352036.0064823207
300.0,4.0,1150,2.0,895000.0,904640.7866924441
188.0,2.0,4520,4.0,339000.0,241150.9632472252
146.0,3.0,9550,4.0,199900.0,263654.2654826974
77.0,2.0,4610,3.0,229000.0,227198.7368192002
320.0,3.0,9310,4.0,1250000.0,722045.5512645853
100.0,2.0,6224,3.0,280000.0,278116.19416861114
215.0,4.0,4537,4.0,300000.0,384367.8482501983
173.0,3.0,4020,3.0,315000.0,315031.748341958
107.0,3.0,1150,3.0,475000.0,474870.1154474747
173.0,3.0,4020,3.0,315000.0,315031.748341958
155.0,3.0,7190,4.0,220000.0,220892.05804516037
183.0,4.0,4610,3.0,135000.0,136385.9134383444
173.0,3.0,4020,3.0,315000.0,315031.748341958
155.0,3.0,1140,2.0,499000.0,423250.8710925819
296.0,5.0,4800,2.0,219500.0,268237.1594271131
173.0,3.0,4020,3.0,315000.0,315031.748341958
125.0,2.0,2547,3.0,349000.0,296021.4903568468
200.0,4.0,1325,4.0,575000.0,630782.5036512491
285.0,4.0,4800,2.0,319000.0,254132.56022207413
151.0,3.0,4860,2.0,117500.0,215555.54058387404
115.0,2.0,2580,3.0,170000.0,292589.0831989472
100.0,2.0,6224,3.0,280000.0,278116.19416861114
385.0,5.0,8490,4.0,759000.0,690892.9037458726
155.0,3.0,7190,4.0,220000.0,220892.05804516037
212.0,4.0,2930,2.0,420000.0,407827.4943538341
183.0,4.0,3001,2.0,465000.0,285685.36304384575
200.0,5.0,2900,2.0,379000.0,383253.14276808756
150.0,2.0,6660,4.0,285000.0,207251.87710973946
217.0,2.0,3052,4.0,270000.0,483203.77915130457
173.0,3.0,4020,3.0,315000.0,315031.748341958
187.0,3.0,1300,4.0,690000.0,674541.3870032523
206.0,4.0,5537,4.0,365000.0,307570.1727891211
100.0,2.0,6224,3.0,280000.0,278116.19416861114
92.0,3.0,4031,2.0,130000.0,135627.75922394605
100.0,2.0,6224,3.0,280000.0,278116.19416861114
240.0,3.0,6700,4.0,580000.0,413572.47271610086
256.0,5.0,1060,2.0,695000.0,659398.8096793486
157.0,3.0,1180,2.0,495000.0,534400.4082214668
201.0,5.0,3210,3.0,449500.0,503565.15647680755
235.0,3.0,2018,2.0,850000.0,467844.08313942986
138.0,3.0,2000,2.0,549000.0,432257.3823089366
166.0,3.0,3320,3.0,235000.0,249240.4689910871
100.0,2.0,6224,3.0,280000.0,278116.19416861114
100.0,2.0,6224,3.0,280000.0,278116.19416861114
173.0,3.0,4020,3.0,315000.0,315031.748341958
217.0,4.0,9100,3.0,395000.0,385803.3737783571
95.0,3.0,4100,2.0,189500.0,150759.52485402743
270.0,4.0,1410,4.0,595000.0,775085.4667699244
150.0,3.0,9050,2.0,445000.0,359396.51897149166
105.0,2.0,7700,2.0,169000.0,117891.84268110504
150.0,3.0,6041,2.0,250000.0,162925.28987087423
191.0,3.0,4100,2.0,275000.0,197558.93095154033
213.0,4.0,1357,4.0,487000.0,425011.0430377082
183.0,4.0,4610,3.0,135000.0,136385.9134383444
303.0,5.0,4900,3.0,449000.0,305814.3439674652
121.0,3.0,6791,2.0,185000.0,213124.39324129242
240.0,3.0,2160,4.0,695000.0,540385.6925025007
70.0,3.0,6001,3.0,125000.0,122567.181264981
214.0,3.0,9260,4.0,370000.0,459392.5922426884
358.0,5.0,1970,3.0,895000.0,894875.6798654398
250.0,5.0,1050,2.0,590000.0,974784.8746474226
168.0,5.0,9000,3.0,269000.0,457186.2427533849
292.0,3.0,9990,4.0,760000.0,581696.7837427175
170.0,3.0,2220,4.0,270000.0,354159.30412091414
173.0,3.0,4020,3.0,315000.0,315031.748341958
173.0,3.0,4020,3.0,315000.0,315031.748341958
130.0,3.0,1410,2.0,415000.0,354883.2838999391
107.0,3.0,1150,3.0,475000.0,474870.1154474747
160.0,3.0,2920,3.0,695000.0,386126.5544473716
191.0,4.0,6040,3.0,199999.0,208565.57008157021
100.0,2.0,6224,3.0,280000.0,278116.19416861114
114.0,3.0,9230,2.0,230000.0,214344.13168681174
220.0,5.0,1440,4.0,495000.0,596206.5706397411
127.0,3.0,4260,4.0,255990.0,250225.09401962458
290.0,4.0,9600,2.0,249500.0,296152.5685996494
150.0,3.0,4030,3.0,249000.0,228943.88871652805
358.0,5.0,1970,3.0,895000.0,894875.6798654398
100.0,2.0,6224,3.0,280000.0,278116.19416861114
155.0,3.0,4840,2.0,371400.0,215555.54058387404
115.0,3.0,1490,4.0,345000.0,340386.358767691
358.0,5.0,1970,3.0,895000.0,894875.6798654398
135.0,3.0,4920,3.0,139000.0,236387.97832328425
278.0,4.0,6830,4.0,1000000.0,340314.96558824566
135.0,2.0,1650,3.0,475000.0,332954.7978036166
114.0,3.0,6929,3.0,179000.0,171610.65160402568
155.0,3.0,7190,4.0,220000.0,220892.05804516037
183.0,4.0,4610,3.0,135000.0,136385.9134383444
172.0,3.0,1547,3.0,225000.0,426145.40501664864
130.0,2.0,7333,3.0,145000.0,131096.3006943624
140.0,4.0,6030,2.0,230000.0,138409.61241596597
173.0,3.0,4020,3.0,315000.0,315031.748341958
200.0,4.0,9340,3.0,469000.0,326719.73970399506
285.0,4.0,8560,4.0,479500.0,470254.1576471275
155.0,3.0,7190,4.0,220000.0,220892.05804516037
165.0,3.0,9070,3.0,335000.0,299493.1855052626
142.0,3.0,9600,2.0,245000.0,199995.7316664154
153.0,2.0,1160,2.0,495000.0,493569.1678421688
155.0,3.0,7190,4.0,220000.0,220892.05804516037
183.0,4.0,4610,3.0,135000.0,136385.9134383444
150.0,3.0,4520,2.0,220000.0,163907.9168545631
145.0,3.0,6200,1.0,260000.0,157219.5337805066
173.0,3.0,4020,3.0,315000.0,315031.748341958
155.0,3.0,7190,4.0,220000.0,220892.05804516037
178.0,3.0,2970,3.0,475000.0,467938.84302239877
183.0,4.0,4610,3.0,135000.0,136385.9134383444
150.0,3.0,1785,3.0,385000.0,368952.2449967203
107.0,3.0,1150,3.0,475000.0,474870.1154474747
227.0,4.0,4681,4.0,299000.0,404387.4692714797
155.0,3.0,3320,3.0,289000.0,270356.48167596105
358.0,5.0,1970,3.0,895000.0,894875.6798654398
175.0,4.0,1080,2.0,299000.0,427005.56955593516
33.0,2.0,6927,4.0,105000.0,135154.00081124998
183.0,4.0,4610,3.0,135000.0,136385.9134383444
183.0,4.0,4610,3.0,135000.0,136385.9134383444
150.0,4.0,1440,4.0,380000.0,423235.5491960288
192.0,3.0,3550,4.0,210000.0,330930.1146401327
129.0,2.0,2960,4.0,289000.0,379345.44702572713
389.0,4.0,9320,2.0,439000.0,351730.16194474767
340.0,5.0,1420,4.0,1195000.0,906519.8296965574
114.0,3.0,8000,3.0,399000.0,208354.97001676323
77.0,2.0,4610,3.0,229000.0,227198.7368192002
288.0,4.0,7850,4.0,695000.0,509440.9378916412
155.0,3.0,7190,4.0,220000.0,220892.05804516037
200.0,3.0,2180,2.0,530000.0,372761.87109733303
78.0,2.0,8400,2.0,80000.0,144541.1159476187
183.0,4.0,4610,3.0,135000.0,136385.9134383444
358.0,5.0,1970,3.0,895000.0,894875.6798654398
269.0,5.0,2370,3.0,349000.0,428902.4528639812
124.0,3.0,2300,2.0,279000.0,245381.13365079844
158.0,3.0,6030,2.0,129999.0,147890.30238604613
165.0,3.0,1830,3.0,360000.0,367372.19887130347
170.0,2.0,4690,3.0,299000.0,189141.92738907962
275.0,4.0,3510,4.0,475000.0,539141.563720707
120.0,2.0,6183,3.0,95000.0,149283.15728541306
140.0,2.0,9230,2.0,179000.0,236080.97314180835
166.0,3.0,5640,4.0,219950.0,220212.69122546265
228.0,4.0,1850,4.0,600000.0,539573.3151738873
206.0,3.0,1740,4.0,449000.0,508356.9376958661
77.0,2.0,4610,3.0,229000.0,227198.7368192002
173.0,3.0,4020,3.0,315000.0,315031.748341958
110.0,2.0,7370,4.0,145000.0,169980.55301471878
164.0,3.0,6238,2.0,250000.0,196180.64507165994
173.0,3.0,4020,3.0,315000.0,315031.748341958
173.0,3.0,4500,2.0,229000.0,191949.1117051634
216.0,5.0,2180,3.0,349000.0,467234.3182251991
80.0,2.0,4020,3.0,179000.0,200350.22664106448
107.0,3.0,1150,3.0,475000.0,474870.1154474747
173.0,3.0,4020,3.0,315000.0,315031.748341958
235.0,4.0,1050,2.0,1050000.0,715535.2528187254
121.0,2.0,9320,3.0,135000.0,239302.79060227794
65.0,2.0,1300,2.0,195000.0,233256.4466329891
250.0,4.0,1853,4.0,785000.0,649615.2548800586
221.0,3.0,9500,3.0,219000.0,257995.39189327095
174.0,4.0,3540,4.0,330000.0,324428.1248359279
255.0,5.0,1090,2.0,449990.0,620322.3558127856
270.0,4.0,2930,4.0,895000.0,632275.9444004047
143.0,3.0,1420,2.0,395000.0,350296.3823391565
145.0,4.0,6030,2.0,79000.0,138807.1529805781
183.0,4.0,4610,3.0,135000.0,136385.9134383444
100.0,2.0,9300,2.0,189000.0,220326.35750904953
85.0,2.0,4000,2.0,185000.0,123602.5155849143
77.0,2.0,4610,3.0,229000.0,227198.7368192002
98.0,2.0,4050,2.0,175000.0,123933.6348481641
261.0,4.0,2610,3.0,610000.0,549008.6332742154
358.0,5.0,1970,3.0,895000.0,894875.6798654398
358.0,5.0,1970,3.0,895000.0,894875.6798654398
107.0,3.0,1150,3.0,475000.0,474870.1154474747
77.0,2.0,4610,3.0,229000.0,227198.7368192002
173.0,3.0,4020,3.0,315000.0,315031.748341958
250.0,4.0,1420,3.0,649000.0,567943.8785084165
180.0,5.0,9052,2.0,295000.0,411196.60377917544
130.0,3.0,5060,2.0,185000.0,223239.57742630455
122.0,2.0,7134,2.0,125000.0,105291.72452343446
183.0,4.0,4610,3.0,135000.0,136385.9134383444
93.0,3.0,6142,3.0,120000.0,136618.73514814675
90.0,2.0,7340,2.0,295000.0,111423.74375493613
136.0,3.0,9300,2.0,319000.0,276433.5575564514
166.0,4.0,2650,2.0,450000.0,319277.447427834
135.0,3.0,2110,3.0,368500.0,326973.5771448529
100.0,2.0,4141,3.0,169000.0,196266.77195727476
168.0,2.0,2260,2.0,339000.0,306272.84831122024
183.0,4.0,4610,3.0,135000.0,136385.9134383444
190.0,4.0,4970,4.0,285000.0,470414.77918302384
100.0,2.0,6224,3.0,280000.0,278116.19416861114
174.0,3.0,2450,4.0,390000.0,378791.54972164036
287.0,5.0,3078,3.0,599000.0,728972.3310809864
155.0,3.0,7190,4.0,220000.0,220892.05804516037
173.0,3.0,4020,3.0,315000.0,315031.748341958
200.0,5.0,6717,4.0,575000.0,416284.1733242185
358.0,5.0,1970,3.0,895000.0,894875.6798654398
174.0,4.0,2400,4.0,389000.0,383518.0743063047
100.0,2.0,6224,3.0,280000.0,278116.19416861114
223.0,5.0,4300,3.0,155000.0,297886.3626890421
358.0,5.0,1970,3.0,895000.0,894875.6798654398
200.0,4.0,7180,4.0,425000.0,423226.3022543024
155.0,3.0,7190,4.0,220000.0,220892.05804516037
260.0,5.0,1850,3.0,650000.0,581239.9133260049
108.0,2.0,7300,2.0,90000.0,110968.90441219416
100.0,2.0,6224,3.0,280000.0,278116.19416861114
100.0,2.0,6224,3.0,280000.0,278116.19416861114
170.0,3.0,8550,3.0,319500.0,278151.42670840793
296.0,4.0,4760,4.0,420000.0,469707.4257197864
177.0,3.0,2200,3.0,279000.0,329986.6031893953
224.0,3.0,8400,2.0,125000.0,347851.47256088036
107.0,3.0,1150,3.0,475000.0,474870.1154474747
175.0,4.0,2550,2.0,349500.0,370134.37291544373
270.0,4.0,1082,2.0,585000.0,513637.12199260964
113.0,3.0,7370,2.0,95000.0,118570.31411254389
40.0,2.0,5520,4.0,75000.0,74699.76867863476
162.0,4.0,1790,3.0,389000.0,359373.00798138
153.0,4.0,9100,2.0,275000.0,346794.93907687534
100.0,2.0,6224,3.0,280000.0,278116.19416861114
183.0,4.0,4610,3.0,135000.0,136385.9134383444
165.0,3.0,5060,2.0,220000.0,230587.82397295177
150.0,2.0,5030,4.0,245000.0,217682.11272425787
183.0,4.0,4610,3.0,135000.0,136385.9134383444
160.0,3.0,1850,3.0,370000.0,354418.0816169174
100.0,2.0,6224,3.0,280000.0,278116.19416861114
168.0,3.0,5380,4.0,385000.0,330664.26445731363
92.0,2.0,4101,2.0,169500.0,121871.1911626961
305.0,5.0,5100,4.0,550000.0,520428.45885421237
183.0,4.0,4610,3.0,135000.0,136385.9134383444
358.0,5.0,1970,3.0,895000.0,894875.6798654398
183.0,4.0,4610,3.0,135000.0,136385.9134383444
168.0,3.0,7850,2.0,295000.0,269013.37627207924
189.0,3.0,9550,2.0,210000.0,245640.98740846923
77.0,2.0,4610,3.0,229000.0,227198.7368192002
152.0,3.0,1790,3.0,469000.0,356231.6346115603
140.0,3.0,2580,2.0,249000.0,314639.4260429811
110.0,2.0,2230,4.0,135000.0,245782.48815721067
250.0,2.0,9255,4.0,469000.0,553683.9597406129
358.0,5.0,1970,3.0,895000.0,894875.6798654398
155.0,3.0,7190,4.0,220000.0,220892.05804516037
173.0,3.0,4020,3.0,315000.0,315031.748341958
173.0,3.0,4020,3.0,315000.0,315031.748341958
100.0,2.0,6224,3.0,280000.0,278116.19416861114
202.0,3.0,3380,4.0,449000.0,372718.65695156914
130.0,3.0,1410,4.0,435000.0,490063.4656166341
180.0,3.0,2660,2.0,395000.0,391750.755993107
175.0,4.0,4350,4.0,300000.0,335827.4364375321
155.0,4.0,2040,3.0,369000.0,391714.72583311825
187.0,3.0,1981,4.0,517000.0,710221.9633459423
100.0,2.0,6224,3.0,280000.0,278116.19416861114
125.0,3.0,4100,3.0,210000.0,198014.8850884409
155.0,3.0,7190,4.0,220000.0,220892.05804516037
180.0,4.0,6900,3.0,249000.0,241224.1278498311
344.0,3.0,9200,4.0,475000.0,661732.1682377845
367.0,4.0,2160,2.0,598000.0,473067.63699592697
200.0,4.0,6150,4.0,319000.0,326655.95019039244
173.0,3.0,4020,3.0,315000.0,315031.748341958
155.0,3.0,7190,4.0,220000.0,220892.05804516037
180.0,4.0,1030,2.0,465000.0,487764.45158861653
155.0,4.0,4367,4.0,489000.0,297740.20705025695
186.0,3.0,9400,2.0,249900.0,290681.5427146022
77.0,2.0,4610,3.0,229000.0,227198.7368192002
200.0,5.0,6747,4.0,380000.0,388163.43780684954
155.0,3.0,7190,4.0,220000.0,220892.05804516037
116.0,3.0,6060,2.0,119999.0,132967.96777376987
90.0,2.0,4040,2.0,210000.0,113585.33524141877
77.0,2.0,4610,3.0,229000.0,227198.7368192002
183.0,4.0,4610,3.0,135000.0,136385.9134383444
84.0,3.0,5540,4.0,50000.0,142233.56495243334
155.0,3.0,7190,4.0,220000.0,220892.05804516037
126.0,2.0,2070,2.0,295000.0,296916.838078972
166.0,3.0,6761,4.0,300000.0,278171.1390708034
195.0,4.0,4260,4.0,275000.0,343224.16205807385
271.0,4.0,1860,4.0,749000.0,638709.0970598649
145.0,3.0,4180,3.0,185000.0,208974.97923938272
156.0,3.0,2382,3.0,275000.0,314148.59159222024
200.0,3.0,8400,2.0,225000.0,323912.1246204282
155.0,3.0,9230,4.0,429000.0,399729.5154325073
100.0,2.0,6224,3.0,280000.0,278116.19416861114
175.0,5.0,1420,4.0,528000.0,547896.7594880377
340.0,5.0,3570,4.0,720000.0,573224.0595510089
146.0,3.0,9120,3.0,250000.0,283944.0583297394
173.0,3.0,4020,3.0,315000.0,315031.748341958
155.0,3.0,7190,4.0,220000.0,220892.05804516037
381.0,5.0,2930,4.0,875000.0,1187232.092333993
155.0,3.0,7190,4.0,220000.0,220892.05804516037
77.0,2.0,4610,3.0,229000.0,227198.7368192002
155.0,3.0,7190,4.0,220000.0,220892.05804516037
358.0,5.0,1970,3.0,895000.0,894875.6798654398
197.0,4.0,1020,2.0,425000.0,432731.5177669186
160.0,4.0,1620,2.0,375000.0,403204.0473971098
155.0,3.0,7190,4.0,220000.0,220892.05804516037
210.0,2.0,4020,2.0,235000.0,282870.9262125703
173.0,3.0,4020,3.0,315000.0,315031.748341958
155.0,3.0,3000,2.0,545000.0,379052.0823734379
152.0,3.0,9030,2.0,399000.0,398854.5534603399
213.0,5.0,1310,2.0,295000.0,482753.5572327696
200.0,5.0,1040,2.0,730000.0,614096.4314336595
183.0,4.0,4610,3.0,135000.0,136385.9134383444
173.0,3.0,4020,3.0,315000.0,315031.748341958
100.0,2.0,6224,3.0,280000.0,278116.19416861114
100.0,2.0,6224,3.0,280000.0,278116.19416861114
189.0,4.0,2235,4.0,469000.0,397905.906949992
173.0,3.0,4020,3.0,315000.0,315031.748341958
220.0,3.0,7532,4.0,220000.0,336678.11303276755
187.0,3.0,1300,4.0,690000.0,674541.3870032523
107.0,3.0,1150,3.0,475000.0,474870.1154474747
180.0,2.0,1741,4.0,395000.0,448607.032268953
148.0,3.0,7130,3.0,160000.0,177807.04260945893
126.0,2.0,3511,3.0,195000.0,213185.69541297384
77.0,2.0,4610,3.0,229000.0,227198.7368192002
189.0,3.0,1040,2.0,550000.0,471713.6634238263
230.0,3.0,2940,4.0,549000.0,575536.4737956253
100.0,2.0,6224,3.0,280000.0,278116.19416861114
150.0,2.0,8020,3.0,245000.0,295683.4449485525
183.0,4.0,4610,3.0,135000.0,136385.9134383444
77.0,2.0,4610,3.0,229000.0,227198.7368192002
155.0,3.0,7190,4.0,220000.0,220892.05804516037
209.0,4.0,6150,2.0,189000.0,195657.8597213631
120.0,3.0,6870,3.0,129000.0,151220.61163255715
100.0,2.0,6224,3.0,280000.0,278116.19416861114
129.0,3.0,2650,3.0,399000.0,333153.5304861336
272.0,3.0,2430,4.0,529000.0,473753.9703803648
265.0,5.0,4280,4.0,399000.0,471130.45688602375
110.0,3.0,2950,3.0,339000.0,371081.6473086004
230.0,4.0,8750,4.0,795000.0,556673.5325862519
358.0,5.0,1970,3.0,895000.0,894875.6798654398
82.0,2.0,7340,2.0,90000.0,102014.08477591092
183.0,4.0,4610,3.0,135000.0,136385.9134383444
197.0,2.0,9700,4.0,348000.0,452152.955792
173.0,3.0,4020,3.0,315000.0,315031.748341958
107.0,3.0,1150,3.0,475000.0,474870.1154474747
107.0,3.0,1150,3.0,475000.0,474870.1154474747
171.0,3.0,6997,4.0,395000.0,314130.23084106576
183.0,4.0,4610,3.0,135000.0,136385.9134383444
255.0,5.0,1070,4.0,739000.0,741642.1419449613
77.0,2.0,4610,3.0,229000.0,227198.7368192002
130.0,3.0,4950,4.0,425000.0,316929.26749850856
210.0,3.0,7100,4.0,475000.0,364042.96795532375
123.0,4.0,5580,4.0,129000.0,253035.04237976714
284.0,5.0,6971,4.0,349000.0,411827.3022027795
239.0,4.0,3680,4.0,395000.0,426546.15421516966
130.0,3.0,1332,4.0,525000.0,427669.8800764763
108.0,3.0,7012,2.0,140000.0,126593.28330236833
200.0,3.0,8490,4.0,310000.0,483318.65579320857
208.0,5.0,4000,3.0,325000.0,349375.37066977425
173.0,3.0,4020,3.0,315000.0,315031.748341958
115.0,2.0,1650,2.0,350000.0,293200.96577047126
215.0,5.0,2620,3.0,344900.0,538328.6056181114
150.0,4.0,4218,4.0,320000.0,285306.54360855004
130.0,4.0,1070,2.0,429000.0,427583.8354606963
155.0,3.0,7190,4.0,220000.0,220892.05804516037
187.0,3.0,1300,4.0,690000.0,674541.3870032523
107.0,3.0,1150,3.0,475000.0,474870.1154474747
155.0,3.0,8500,2.0,325000.0,304225.28749123105
95.0,2.0,9400,2.0,152000.0,192215.7708816453
114.0,2.0,1490,4.0,315000.0,309368.43917835364
135.0,3.0,9300,2.0,309000.0,272309.821287939
90.0,2.0,5060,4.0,155000.0,246608.17932552772
155.0,3.0,7190,4.0,220000.0,220892.05804516037
160.0,4.0,4537,3.0,300000.0,187878.14589195512
77.0,2.0,4610,3.0,229000.0,227198.7368192002
150.0,5.0,6890,4.0,279900.0,281375.01685708377
173.0,3.0,4020,3.0,315000.0,315031.748341958
173.0,3.0,4020,3.0,315000.0,315031.748341958
77.0,2.0,4610,3.0,229000.0,227198.7368192002
160.0,2.0,5140,4.0,350000.0,246321.51367744184
100.0,2.0,2960,4.0,349000.0,399861.603270879
120.0,3.0,4100,2.0,166000.0,178992.28810428933
88.0,2.0,7110,2.0,75000.0,102663.44921461988
155.0,3.0,7190,4.0,220000.0,220892.05804516037
155.0,3.0,7190,4.0,220000.0,220892.05804516037
100.0,3.0,7130,2.0,140000.0,123166.32923982796
100.0,2.0,6224,3.0,280000.0,278116.19416861114
128.0,4.0,9500,3.0,198000.0,187439.54293106307
350.0,4.0,4800,4.0,675000.0,547612.0280463119
153.0,4.0,2600,2.0,398000.0,357061.3489240529
154.0,5.0,1315,3.0,365000.0,364198.3065456012
155.0,3.0,7190,4.0,220000.0,220892.05804516037
100.0,2.0,6224,3.0,280000.0,278116.19416861114
173.0,3.0,4020,3.0,315000.0,315031.748341958
205.0,3.0,1850,4.0,585000.0,532024.2063912087
173.0,3.0,4020,3.0,315000.0,315031.748341958
164.0,3.0,6900,3.0,249000.0,221590.7475946755
128.0,3.0,1357,2.0,275000.0,266360.80560710625
110.0,3.0,3090,4.0,490000.0,344840.3428873146
358.0,5.0,1970,3.0,895000.0,894875.6798654398
339.0,3.0,7130,3.0,375000.0,222655.88565654276
155.0,3.0,7190,4.0,220000.0,220892.05804516037
138.0,2.0,6150,3.0,99999.0,146996.1253769154
183.0,4.0,4610,3.0,135000.0,136385.9134383444
155.0,3.0,7190,4.0,220000.0,220892.05804516037
100.0,2.0,6224,3.0,280000.0,278116.19416861114
358.0,5.0,1970,3.0,895000.0,894875.6798654398
183.0,4.0,4610,3.0,135000.0,136385.9134383444
300.0,5.0,6792,4.0,439000.0,436059.7756032462
189.0,3.0,7370,3.0,65000.0,173968.22035662876
358.0,5.0,1970,3.0,895000.0,894875.6798654398
150.0,2.0,7340,2.0,119000.0,124251.96928683977
220.0,5.0,9500,4.0,469000.0,422905.63741485804
100.0,2.0,6224,3.0,280000.0,278116.19416861114
77.0,2.0,4610,3.0,229000.0,227198.7368192002
234.0,2.0,9600,2.0,345000.0,225750.07272805535
169.0,4.0,1350,4.0,424000.0,448110.81196230685
100.0,2.0,6224,3.0,280000.0,278116.19416861114
155.0,3.0,7190,4.0,220000.0,220892.05804516037
200.0,4.0,4347,4.0,400000.0,390304.3997668708
278.0,5.0,1652,4.0,700000.0,826148.6737445855
220.0,5.0,1495,4.0,695000.0,494529.3602209347
100.0,2.0,6224,3.0,280000.0,278116.19416861114
173.0,3.0,4020,3.0,315000.0,315031.748341958
115.0,3.0,1390,4.0,345000.0,413339.5432844688
100.0,2.0,6224,3.0,280000.0,278116.19416861114
155.0,3.0,7190,4.0,220000.0,220892.05804516037
148.0,4.0,4530,4.0,239000.0,274253.75866757263
173.0,3.0,4020,3.0,315000.0,315031.748341958
236.0,3.0,2940,3.0,429000.0,480580.3356323252
230.0,4.0,1190,2.0,525000.0,549989.8599849776
264.0,5.0,7062,3.0,385000.0,342036.05810300354
182.0,4.0,6950,3.0,165000.0,188873.7428558223
107.0,3.0,1150,3.0,475000.0,474870.1154474747
85.0,2.0,7620,2.0,159000.0,108829.5527628025
324.0,5.0,1730,4.0,620000.0,770928.754369855
100.0,2.0,6224,3.0,280000.0,278116.19416861114
130.0,3.0,6940,4.0,189000.0,295371.3043440439
95.0,4.0,4101,2.0,110000.0,142146.20789822727
358.0,5.0,1970,3.0,895000.0,894875.6798654398
135.0,3.0,4000,2.0,199000.0,198280.16188817596
213.0,4.0,4500,2.0,310000.0,228367.5387334467
159.0,4.0,8850,3.0,269000.0,259292.31967651242
77.0,2.0,4610,3.0,229000.0,227198.7368192002
378.0,4.0,1630,2.0,1280000.0,870583.6146783459
183.0,4.0,4610,3.0,135000.0,136385.9134383444
234.0,4.0,6890,4.0,180000.0,384172.2813528884
139.0,3.0,2270,4.0,315000.0,329596.94535913627
183.0,4.0,4610,3.0,135000.0,136385.9134383444
150.0,3.0,9000,2.0,580000.0,371949.1943646095
312.0,3.0,9930,4.0,1300000.0,699511.0497631411
190.0,2.0,9600,2.0,155000.0,219947.3292699591
358.0,5.0,1970,3.0,895000.0,894875.6798654398
107.0,3.0,1150,3.0,475000.0,474870.1154474747
225.0,3.0,1470,4.0,435000.0,456071.28392064787
298.0,5.0,9470,4.0,735000.0,440639.77704137313
173.0,3.0,4020,3.0,315000.0,315031.748341958
173.0,3.0,4020,3.0,315000.0,315031.748341958
135.0,3.0,7331,4.0,215000.0,212757.96049386874
120.0,3.0,9050,2.0,340000.0,320705.36664294434
299.0,5.0,2580,4.0,847000.0,588121.931476159
147.0,3.0,4100,2.0,210000.0,169259.41286884816
155.0,3.0,7190,4.0,220000.0,220892.05804516037
358.0,5.0,1970,3.0,895000.0,894875.6798654398
201.0,4.0,1790,4.0,525000.0,541078.2263557663
243.0,3.0,6044,3.0,264900.0,237644.2318551588
358.0,5.0,1970,3.0,895000.0,894875.6798654398
107.0,3.0,1150,3.0,475000.0,474870.1154474747
77.0,2.0,4610,3.0,229000.0,227198.7368192002
100.0,2.0,6224,3.0,280000.0,278116.19416861114
100.0,2.0,6224,3.0,280000.0,278116.19416861114
173.0,3.0,4020,3.0,315000.0,315031.748341958
100.0,2.0,6224,3.0,280000.0,278116.19416861114
130.0,3.0,6747,4.0,260000.0,299174.95718443405
173.0,3.0,4020,3.0,315000.0,315031.748341958
180.0,5.0,7100,2.0,330000.0,257463.20626161422
173.0,3.0,4020,3.0,315000.0,315031.748341958
260.0,4.0,1650,3.0,430000.0,633963.4088474922
134.0,3.0,2100,2.0,429000.0,278653.0770225467
184.0,4.0,8691,3.0,395000.0,330967.01512161817
80.0,2.0,4100,3.0,120000.0,175020.0068392885
183.0,4.0,4610,3.0,135000.0,136385.9134383444
155.0,3.0,7190,4.0,220000.0,220892.05804516037
128.0,3.0,9820,3.0,275000.0,259301.7423629032
200.0,4.0,3590,4.0,240000.0,377055.93004546035
183.0,4.0,4610,3.0,135000.0,136385.9134383444
360.0,3.0,2870,3.0,599000.0,427217.08249753073
170.0,4.0,1180,3.0,675000.0,640339.3564484366
193.0,4.0,4020,2.0,230000.0,273511.12469898607
107.0,3.0,1150,3.0,475000.0,474870.1154474747
80.0,3.0,1370,2.0,120000.0,208957.47277149465
110.0,2.0,6040,4.0,180000.0,197845.7328341812
213.0,4.0,1410,3.0,599000.0,540223.6783655646
127.0,3.0,8380,2.0,320000.0,180933.5923092729
155.0,3.0,7190,4.0,220000.0,220892.05804516037
175.0,5.0,1651,4.0,575000.0,529858.6087231938
358.0,5.0,1970,3.0,895000.0,894875.6798654398
77.0,2.0,4610,3.0,229000.0,227198.7368192002
77.0,2.0,4610,3.0,229000.0,227198.7368192002
125.0,2.0,6230,3.0,200000.0,183061.25786975687
240.0,3.0,6000,3.0,249000.0,241662.702210388
100.0,2.0,6224,3.0,280000.0,278116.19416861114
183.0,4.0,4100,3.0,290000.0,144048.70629517414
120.0,2.0,2550,3.0,309000.0,298664.5848672463
173.0,3.0,4020,3.0,315000.0,315031.748341958
173.0,3.0,4020,3.0,315000.0,315031.748341958
238.0,4.0,6762,2.0,360000.0,313807.1358654675
120.0,3.0,1600,2.0,299000.0,343437.00895695656
90.0,2.0,1480,2.0,219000.0,202334.90223473898
170.0,2.0,4460,3.0,244900.0,208824.29588427776
255.0,4.0,4700,4.0,310000.0,443248.2855265083
112.0,2.0,4031,2.0,190000.0,160510.0850527256
155.0,3.0,7190,4.0,220000.0,220892.05804516037
173.0,3.0,4020,3.0,315000.0,315031.748341958
97.0,2.0,4500,3.0,219000.0,143544.053532383
120.0,4.0,9310,4.0,450000.0,274993.9122201521
183.0,4.0,4610,3.0,135000.0,136385.9134383444
177.0,5.0,8200,2.0,335000.0,439132.67928655463
183.0,4.0,4610,3.0,135000.0,136385.9134383444
107.0,3.0,1150,3.0,475000.0,474870.1154474747
180.0,2.0,2830,2.0,575000.0,330912.71845412446
295.0,5.0,1340,3.0,749000.0,616693.1465689125
193.0,2.0,2350,4.0,399000.0,375377.592401691
183.0,4.0,4610,3.0,135000.0,136385.9134383444
140.0,3.0,2250,3.0,399000.0,318588.0608920072
100.0,2.0,6224,3.0,280000.0,278116.19416861114
100.0,2.0,6224,3.0,280000.0,278116.19416861114
358.0,5.0,1970,3.0,895000.0,894875.6798654398
172.0,4.0,2170,2.0,297000.0,355228.0474794717
136.0,3.0,3272,4.0,299000.0,268767.22037795273
182.0,4.0,4340,2.0,299000.0,198199.58002461295
160.0,4.0,3212,2.0,280000.0,314866.1154377706
358.0,5.0,1970,3.0,895000.0,894875.6798654398
183.0,4.0,4610,3.0,135000.0,136385.9134383444
146.0,2.0,7110,2.0,165000.0,134503.91719482452
360.0,3.0,4800,3.0,250000.0,288680.0887593465
114.0,3.0,6530,3.0,289000.0,158971.03116904822
183.0,4.0,4610,3.0,135000.0,136385.9134383444
189.0,4.0,5000,4.0,500000.0,416946.7322725107
180.0,4.0,7350,2.0,240000.0,169337.99507777972
177.0,5.0,7110,2.0,99000.0,231041.15031822992
158.0,3.0,4400,4.0,259000.0,271756.7520231205
120.0,3.0,1400,4.0,350000.0,372973.5928262873
231.0,3.0,1190,2.0,349000.0,498544.0793648227
108.0,2.0,5060,4.0,299999.0,218670.6168646458
130.0,3.0,4900,2.0,220000.0,210514.29661327825
185.0,2.0,6200,2.0,149999.0,156105.58795352207
289.0,3.0,1750,3.0,379999.0,482773.53197165555
260.0,4.0,7061,4.0,550000.0,593749.2271989448
173.0,3.0,4020,3.0,315000.0,315031.748341958
157.0,3.0,2800,3.0,239900.0,394314.58880997763
307.0,5.0,6900,4.0,500000.0,421718.4325318672
250.0,4.0,4140,4.0,599900.0,453948.39857776783
240.0,3.0,1380,4.0,475000.0,636966.4665936265
100.0,2.0,6224,3.0,280000.0,278116.19416861114
358.0,5.0,1970,3.0,895000.0,894875.6798654398
160.0,3.0,9040,2.0,470000.0,384625.87325421604
155.0,3.0,7190,4.0,220000.0,220892.05804516037
153.0,3.0,9880,4.0,657000.0,386287.22276951605
100.0,2.0,4030,3.0,115000.0,208658.35378206623
77.0,2.0,4610,3.0,229000.0,227198.7368192002
112.0,3.0,5300,3.0,179000.0,190316.22200655253
130.0,2.0,1070,2.0,330000.0,396704.46830643545
187.0,3.0,1300,4.0,690000.0,674541.3870032523
187.0,3.0,1300,4.0,690000.0,674541.3870032523
135.0,4.0,4100,2.0,169500.0,187752.1122105557
183.0,4.0,4610,3.0,135000.0,136385.9134383444
183.0,4.0,4610,3.0,135000.0,136385.9134383444
355.0,4.0,5060,2.0,255000.0,306935.4156109863
146.0,3.0,2500,2.0,225000.0,297428.59919319546
107.0,3.0,1150,3.0,475000.0,474870.1154474747
260.0,5.0,3220,4.0,759000.0,764842.4316288581
173.0,3.0,4020,3.0,315000.0,315031.748341958
252.0,5.0,2600,2.0,575000.0,501836.55096442084
358.0,5.0,1970,3.0,895000.0,894875.6798654398
135.0,3.0,2300,2.0,225000.0,227191.0390544033
183.0,4.0,4610,3.0,135000.0,136385.9134383444
183.0,4.0,4610,3.0,135000.0,136385.9134383444
189.0,4.0,4020,2.0,285000.0,258743.16511904125
155.0,4.0,1745,2.0,395000.0,327102.2258158734
245.0,3.0,1650,4.0,750000.0,728091.3238141462
165.0,4.0,6140,2.0,235000.0,174220.0284926983
363.0,5.0,3202,3.0,338500.0,577684.4585388057
386.0,3.0,5540,2.0,249000.0,235890.39944542554
111.0,3.0,7700,3.0,199000.0,176532.55794002634
100.0,2.0,6224,3.0,280000.0,278116.19416861114
358.0,5.0,1970,3.0,895000.0,894875.6798654398
77.0,2.0,4610,3.0,229000.0,227198.7368192002
345.0,5.0,7730,4.0,535000.0,690009.0825339659
200.0,5.0,7070,2.0,389000.0,285209.49455111736
100.0,2.0,6224,3.0,280000.0,278116.19416861114
155.0,3.0,7190,4.0,220000.0,220892.05804516037
324.0,3.0,1730,4.0,549000.0,715700.1080358858
100.0,2.0,6224,3.0,280000.0,278116.19416861114
77.0,2.0,4610,3.0,229000.0,227198.7368192002
101.0,2.0,4530,2.0,205000.0,109191.66909404293
156.0,4.0,6690,4.0,399000.0,298647.97335270146
193.0,5.0,2060,2.0,315000.0,372303.9199542993
350.0,5.0,6110,4.0,749000.0,404277.58229295275
205.0,5.0,1950,2.0,575000.0,643581.205565437
173.0,3.0,4020,3.0,315000.0,315031.748341958
173.0,3.0,4020,3.0,315000.0,315031.748341958
320.0,4.0,1170,3.0,1250000.0,934064.0065664832
183.0,4.0,4610,3.0,135000.0,136385.9134383444
155.0,3.0,7190,4.0,220000.0,220892.05804516037
120.0,4.0,4460,3.0,199500.0,203753.452160517
239.0,4.0,2220,4.0,399000.0,476722.37647661485
206.0,3.0,4260,2.0,199000.0,222581.654527394
195.0,5.0,4420,2.0,189000.0,226185.75331190706
173.0,3.0,4020,3.0,315000.0,315031.748341958
150.0,4.0,4400,2.0,209500.0,207186.51652668155
250.0,5.0,1081,2.0,795000.0,621160.2103787471
184.0,4.0,1410,4.0,685000.0,610517.4580547368
253.0,4.0,2221,4.0,260000.0,467908.82360578544
358.0,5.0,1970,3.0,895000.0,894875.6798654398
152.0,3.0,2390,4.0,555555.0,317598.8373891879
77.0,2.0,4610,3.0,229000.0,227198.7368192002
111.0,2.0,7080,2.0,70000.0,133251.4465664205
173.0,3.0,4020,3.0,315000.0,315031.748341958
77.0,2.0,4610,3.0,229000.0,227198.7368192002
267.0,4.0,1200,2.0,650000.0,741700.4906752611
194.0,3.0,9600,2.0,269000.0,247758.51806149355
358.0,5.0,1970,3.0,895000.0,894875.6798654398
210.0,4.0,2180,2.0,345000.0,404108.8870273655
150.0,3.0,1800,2.0,375000.0,333081.3266168264
183.0,4.0,4610,3.0,135000.0,136385.9134383444
220.0,4.0,4400,2.0,139000.0,241249.89223335419
300.0,3.0,1500,4.0,1200000.0,801926.8670755416
190.0,3.0,9690,3.0,220000.0,268573.9962862107
200.0,4.0,1470,2.0,300000.0,386189.09228774084
358.0,5.0,1970,3.0,895000.0,894875.6798654398
283.0,5.0,4690,4.0,424000.0,448155.2033557597
301.0,4.0,1330,4.0,1190000.0,747896.9796629528
175.0,3.0,4280,2.0,210000.0,228473.37437634091
118.0,3.0,1450,3.0,310000.0,289327.5514343192
215.0,4.0,1370,2.0,379000.0,368250.93037062406
140.0,2.0,3271,4.0,275000.0,268203.67564677633
155.0,3.0,7190,4.0,220000.0,220892.05804516037
173.0,3.0,4020,3.0,315000.0,315031.748341958
310.0,3.0,1850,2.0,490000.0,498073.5392275135
173.0,3.0,4020,3.0,315000.0,315031.748341958
234.0,5.0,3870,4.0,399000.0,368629.38436476234
254.0,3.0,5140,3.0,437000.0,294614.6672899948
155.0,3.0,7190,4.0,220000.0,220892.05804516037
95.0,2.0,9140,2.0,149000.0,209831.7611685916
100.0,2.0,6224,3.0,280000.0,278116.19416861114
210.0,4.0,9200,2.0,355000.0,362532.5171609225
280.0,4.0,2600,2.0,1300000.0,541043.5534190527
183.0,4.0,4610,3.0,135000.0,136385.9134383444
145.0,4.0,4260,4.0,249000.0,273459.7340254984
358.0,5.0,1970,3.0,895000.0,894875.6798654398
155.0,3.0,7190,4.0,220000.0,220892.05804516037
200.0,3.0,9550,3.0,210000.0,241051.75466492117
278.0,3.0,1850,4.0,585000.0,673960.8578625153
183.0,4.0,4610,3.0,135000.0,136385.9134383444
350.0,4.0,2920,4.0,699000.0,805116.8220773534
159.0,2.0,2610,3.0,398000.0,355784.6327531857
358.0,5.0,1970,3.0,895000.0,894875.6798654398
134.0,3.0,3140,4.0,499000.0,318533.5795424427
200.0,4.0,9032,3.0,595000.0,499646.5843722278
253.0,4.0,2020,2.0,463000.0,545946.4606782323
110.0,4.0,6030,2.0,159999.0,129010.37419772093
267.0,5.0,1200,2.0,720000.0,755808.8697555219
173.0,3.0,4020,3.0,315000.0,315031.748341958
100.0,2.0,1780,2.0,295000.0,211407.47468620294
180.0,4.0,6040,3.0,159000.0,205269.9558879551
155.0,3.0,7190,4.0,220000.0,220892.05804516037
155.0,4.0,7141,3.0,325000.0,193707.85689642822
358.0,5.0,1970,3.0,895000.0,894875.6798654398
306.0,4.0,4690,4.0,570000.0,512703.10678012174
100.0,2.0,6224,3.0,280000.0,278116.19416861114
358.0,5.0,1970,3.0,895000.0,894875.6798654398
269.0,4.0,3700,4.0,495000.0,399377.5110147852
373.0,3.0,2500,3.0,465000.0,535846.0935500695
358.0,5.0,1970,3.0,895000.0,894875.6798654398
148.0,3.0,6001,2.0,110000.0,146056.97109150043
174.0,3.0,9150,3.0,350000.0,317706.3744836166
186.0,3.0,2500,2.0,309000.0,341701.31216614624
190.0,5.0,5670,3.0,210000.0,207761.94733275633
123.0,5.0,9500,2.0,160000.0,195006.98387844805
155.0,3.0,7190,4.0,220000.0,220892.05804516037
120.0,2.0,7300,2.0,100000.0,123151.62145550262
173.0,3.0,4020,3.0,315000.0,315031.748341958
225.0,3.0,2100,2.0,455000.0,384839.208603385
100.0,2.0,6224,3.0,280000.0,278116.19416861114
173.0,3.0,4020,3.0,315000.0,315031.748341958
95.0,2.0,7850,3.0,205000.0,144809.76801432695
294.0,4.0,1860,4.0,665000.0,724505.7572393788
165.0,3.0,5590,4.0,425000.0,237130.63744284352
358.0,5.0,1970,3.0,895000.0,894875.6798654398
183.0,4.0,4610,3.0,135000.0,136385.9134383444
141.0,3.0,6900,4.0,249000.0,284025.3270239502
280.0,4.0,1200,2.0,1049000.0,820581.2320616716
118.0,3.0,1650,3.0,349000.0,380552.3770567173
175.0,4.0,1180,2.0,459000.0,556858.8214222683
220.0,4.0,7060,4.0,325000.0,450281.4093381075
105.0,2.0,6747,3.0,220000.0,193799.04008433927
150.0,3.0,1740,2.0,274000.0,317210.0731485742
100.0,2.0,6224,3.0,280000.0,278116.19416861114
180.0,4.0,8540,3.0,280000.0,315931.8623239302
150.0,3.0,1410,4.0,580000.0,538710.9406414612
150.0,3.0,9280,3.0,249000.0,281201.6462537055
173.0,3.0,4020,3.0,315000.0,315031.748341958
260.0,4.0,7830,4.0,355000.0,586216.5681678993
327.0,3.0,2000,2.0,950000.0,662976.8101664156
173.0,3.0,4020,3.0,315000.0,315031.748341958
155.0,3.0,7190,4.0,220000.0,220892.05804516037
305.0,5.0,1440,4.0,395000.0,751475.9649522105
333.0,3.0,3920,4.0,349000.0,484721.929669303
320.0,4.0,3090,4.0,850000.0,857529.5211960792
358.0,5.0,1970,3.0,895000.0,894875.6798654398
107.0,3.0,1150,3.0,475000.0,474870.1154474747
100.0,2.0,6224,3.0,280000.0,278116.19416861114
130.0,4.0,7012,2.0,150000.0,167642.38876300523
358.0,5.0,1970,3.0,895000.0,894875.6798654398
120.0,3.0,7950,2.0,175000.0,176908.3191642281
155.0,3.0,7190,4.0,220000.0,220892.05804516037
151.0,3.0,4020,4.0,266000.0,302047.21992270724
77.0,2.0,4610,3.0,229000.0,227198.7368192002
220.0,3.0,1470,3.0,249000.0,373494.7040850217
212.0,5.0,1410,4.0,995000.0,731274.6816014473
350.0,4.0,1030,2.0,890000.0,770665.8010081083
145.0,3.0,7520,4.0,378000.0,231946.61459097595
358.0,5.0,1970,3.0,895000.0,894875.6798654398
358.0,5.0,1970,3.0,895000.0,894875.6798654398
200.0,3.0,8660,3.0,295000.0,322819.6968474474
385.0,5.0,9112,4.0,850000.0,762948.7074246261
173.0,3.0,4020,3.0,315000.0,315031.748341958
200.0,4.0,7070,2.0,195000.0,294585.9844648895
265.0,4.0,4800,4.0,630000.0,451259.92709194554
137.0,3.0,8501,2.0,220000.0,234219.6011374276
173.0,3.0,4020,3.0,315000.0,315031.748341958
156.0,4.0,1780,2.0,399000.0,348524.0426486246
222.0,3.0,2200,4.0,907500.0,429238.8316379138
150.0,2.0,7170,2.0,90000.0,141621.53805945526
230.0,3.0,1730,4.0,645000.0,554904.9979198743
100.0,2.0,6224,3.0,280000.0,278116.19416861114
344.0,4.0,9570,4.0,375000.0,496073.5685333042
107.0,3.0,1150,3.0,475000.0,474870.1154474747
143.0,2.0,9160,2.0,245000.0,212757.98469007772
190.0,3.0,6200,2.0,199999.0,188198.548027821
120.0,5.0,4830,2.0,199000.0,178746.69696252074
358.0,5.0,1970,3.0,895000.0,894875.6798654398
173.0,3.0,4020,3.0,315000.0,315031.748341958
100.0,2.0,6224,3.0,280000.0,278116.19416861114
155.0,3.0,7190,4.0,220000.0,220892.05804516037
100.0,2.0,6224,3.0,280000.0,278116.19416861114
167.0,4.0,9500,3.0,275000.0,240799.06421394143
165.0,4.0,3020,4.0,495000.0,393022.6523175972
200.0,3.0,1800,3.0,449000.0,433263.3943803968
170.0,4.0,6792,4.0,490000.0,399998.83307265496
212.0,3.0,1800,3.0,559000.0,403757.48203060956
288.0,5.0,9070,4.0,700000.0,649011.5243418716
77.0,2.0,4610,3.0,229000.0,227198.7368192002
159.0,3.0,9280,2.0,165000.0,286375.1673638421
360.0,4.0,5310,4.0,525000.0,486430.33967575675
149.0,4.0,4102,2.0,169000.0,190662.1417301243
204.0,4.0,2500,4.0,499000.0,487095.00252320507
177.0,3.0,7100,3.0,195000.0,270542.1959964895
100.0,2.0,6224,3.0,280000.0,278116.19416861114
335.0,5.0,1430,2.0,690000.0,585928.8063559715
166.0,4.0,8310,2.0,255000.0,433007.1482446512
100.0,2.0,6224,3.0,280000.0,278116.19416861114
173.0,3.0,4020,3.0,315000.0,315031.748341958
230.0,2.0,3300,4.0,399000.0,377562.27853077336
300.0,5.0,1380,4.0,795000.0,755712.1659948017
176.0,2.0,3271,4.0,365000.0,349602.2214228279
207.0,4.0,4550,4.0,395000.0,371948.1263913443
200.0,3.0,6540,3.0,87500.0,224558.0076769381
187.0,3.0,1300,4.0,690000.0,674541.3870032523
115.0,2.0,7340,2.0,135000.0,102978.22787965482
195.0,3.0,1755,4.0,399000.0,493818.709905708
230.0,4.0,1330,4.0,795000.0,603269.4523767901
358.0,5.0,1970,3.0,895000.0,894875.6798654398
230.0,4.0,8790,2.0,520000.0,355386.0218506821
173.0,3.0,4020,3.0,315000.0,315031.748341958
179.0,3.0,5190,3.0,250000.0,256677.81188972713
107.0,3.0,1150,3.0,475000.0,474870.1154474747
266.0,4.0,1861,4.0,499000.0,638709.0970598649
234.0,3.0,2050,3.0,549000.0,453838.08792953816
163.0,4.0,2400,4.0,355000.0,346512.34615490376
358.0,5.0,1970,3.0,895000.0,894875.6798654398
175.0,3.0,3500,2.0,315000.0,270012.34800563345
172.0,3.0,9170,4.0,479000.0,459754.52103392367
183.0,4.0,4610,3.0,135000.0,136385.9134383444
72.0,2.0,5580,2.0,109000.0,94364.63735926444
174.0,4.0,1040,2.0,760000.0,475252.8287628712
100.0,2.0,6224,3.0,280000.0,278116.19416861114
188.0,3.0,8570,4.0,1150000.0,451692.54578845686
102.0,2.0,7730,2.0,55000.0,155353.38733199108
107.0,3.0,1150,3.0,475000.0,474870.1154474747
170.0,4.0,1420,4.0,499000.0,520266.44111872674
100.0,2.0,6224,3.0,280000.0,278116.19416861114
100.0,2.0,6224,3.0,280000.0,278116.19416861114
158.0,4.0,1140,2.0,395000.0,426506.62632849696
77.0,2.0,4610,3.0,229000.0,227198.7368192002
152.0,3.0,4845,3.0,296000.0,242063.15728956228
295.0,5.0,5550,4.0,290000.0,362577.7929569976
192.0,3.0,6032,2.0,309000.0,153677.49068399004
201.0,2.0,3190,4.0,255000.0,390357.7748919207
200.0,4.0,4631,3.0,375000.0,325226.03025765094
120.0,2.0,6030,2.0,139000.0,139065.64679788615
141.0,3.0,4100,2.0,229500.0,170641.39301207554
162.0,3.0,4050,4.0,350000.0,283435.47087078
184.0,2.0,3220,4.0,540000.0,435353.7238943797
77.0,2.0,4610,3.0,229000.0,227198.7368192002
100.0,2.0,4030,3.0,149000.0,208658.35378206623
173.0,3.0,4020,3.0,315000.0,315031.748341958
145.0,3.0,7061,4.0,360000.0,280562.25304714794
144.0,3.0,9680,3.0,319000.0,199152.5904611018
160.0,4.0,3000,2.0,525000.0,392030.451687205
188.0,3.0,1200,2.0,680000.0,538651.9645711437
183.0,4.0,4610,3.0,135000.0,136385.9134383444
230.0,5.0,4102,2.0,259000.0,251123.79804193473
358.0,5.0,1970,3.0,895000.0,894875.6798654398
300.0,4.0,2650,4.0,1250000.0,799670.1379447875
155.0,3.0,7190,4.0,220000.0,220892.05804516037
120.0,3.0,1420,2.0,265000.0,351851.74886116147
88.0,2.0,4520,2.0,150000.0,112366.93222916374
100.0,2.0,6224,3.0,280000.0,278116.19416861114
158.0,4.0,9000,2.0,385000.0,417748.42083393864
144.0,5.0,6760,4.0,224000.0,261711.3816756455
77.0,2.0,4610,3.0,229000.0,227198.7368192002
100.0,2.0,6224,3.0,280000.0,278116.19416861114
254.0,3.0,3560,4.0,299000.0,405451.31465781125
170.0,3.0,2550,2.0,345000.0,354937.1130293428
281.0,4.0,3060,4.0,735000.0,663008.1656735217
190.0,2.0,7021,2.0,330000.0,175878.57756755195
134.0,3.0,4577,3.0,349000.0,225835.47317858532
157.0,3.0,3600,4.0,120000.0,288638.3721178759
107.0,3.0,1150,3.0,475000.0,474870.1154474747
183.0,4.0,4610,3.0,135000.0,136385.9134383444
183.0,4.0,4610,3.0,135000.0,136385.9134383444
77.0,2.0,4610,3.0,229000.0,227198.7368192002
260.0,4.0,4900,2.0,319000.0,330243.58673999965
140.0,3.0,6040,4.0,290000.0,239801.6079827651
155.0,3.0,7190,4.0,220000.0,220892.05804516037
155.0,3.0,7190,4.0,220000.0,220892.05804516037
210.0,4.0,4920,4.0,349000.0,419530.74327706447
358.0,5.0,1970,3.0,895000.0,894875.6798654398
130.0,2.0,4140,3.0,235000.0,212367.69193764834
358.0,5.0,1970,3.0,895000.0,894875.6798654398
238.0,4.0,1310,3.0,435000.0,479557.25901586213
170.0,4.0,1970,2.0,595000.0,468699.8796307453
107.0,3.0,1150,3.0,475000.0,474870.1154474747
183.0,4.0,4610,3.0,135000.0,136385.9134383444
197.0,3.0,1980,3.0,325000.0,538893.02969595
107.0,3.0,1150,3.0,475000.0,474870.1154474747
144.0,4.0,9000,2.0,100000.0,341369.40739622386
120.0,2.0,7120,4.0,129000.0,169455.31661751447
346.0,3.0,3294,4.0,691000.0,500879.8834650966
266.0,4.0,7070,3.0,285000.0,339349.17547529185
77.0,2.0,4610,3.0,229000.0,227198.7368192002
166.0,2.0,1790,2.0,249000.0,314501.42234250106
77.0,2.0,4610,3.0,229000.0,227198.7368192002
120.0,3.0,6060,3.0,125000.0,166070.4384261475
160.0,4.0,1340,2.0,345000.0,354073.2929080678
95.0,3.0,4032,2.0,75000.0,124858.40055496956
288.0,4.0,1430,4.0,695000.0,618184.6686564393
94.0,2.0,6001,3.0,125000.0,133936.49042677094
155.0,2.0,6030,2.0,95000.0,121449.40769471822
240.0,4.0,3583,4.0,365000.0,426546.15421516966
77.0,2.0,4610,3.0,229000.0,227198.7368192002
173.0,3.0,4020,3.0,315000.0,315031.748341958
123.0,3.0,6792,3.0,295000.0,224908.83392856683
175.0,3.0,7100,2.0,175000.0,236141.3932307155
390.0,4.0,1560,4.0,1080000.0,744546.489482612
242.0,5.0,5100,4.0,699000.0,457073.61640493723
155.0,3.0,7190,4.0,220000.0,220892.05804516037
155.0,3.0,7190,4.0,220000.0,220892.05804516037
124.0,2.0,7971,4.0,130000.0,179870.0406438297
207.0,2.0,3930,4.0,175000.0,339414.57014827535
200.0,5.0,9280,2.0,285000.0,362761.2142719924
107.0,3.0,1150,3.0,475000.0,474870.1154474747
100.0,2.0,6224,3.0,280000.0,278116.19416861114
198.0,4.0,2275,4.0,239000.0,425822.014712997
210.0,4.0,9300,2.0,385000.0,326323.19803529885
238.0,4.0,3550,3.0,369000.0,350119.5436874342
233.0,3.0,3550,4.0,200000.0,367201.1449485266
265.0,5.0,2275,2.0,459000.0,420064.1859722179
187.0,3.0,1300,4.0,690000.0,674541.3870032523
122.0,3.0,1495,4.0,495000.0,340386.358767691
358.0,5.0,1970,3.0,895000.0,894875.6798654398
122.0,4.0,4100,2.0,239500.0,179784.58510994096
155.0,3.0,7190,4.0,220000.0,220892.05804516037
173.0,3.0,4020,3.0,315000.0,315031.748341958
149.0,2.0,6183,2.0,169900.0,136032.56035302058
219.0,4.0,7100,3.0,229000.0,264892.51964245364
152.0,3.0,9600,2.0,265000.0,223586.0967425619
107.0,3.0,1150,3.0,475000.0,474870.1154474747
285.0,3.0,3945,4.0,275000.0,387909.43381104816
118.0,3.0,1400,4.0,300000.0,372973.5928262873
129.0,2.0,4122,3.0,319000.0,196936.75477117815
183.0,4.0,4610,3.0,135000.0,136385.9134383444
205.0,3.0,2180,3.0,485000.0,420027.44815133937
245.0,4.0,1430,4.0,745000.0,609478.6847101301
232.0,4.0,3500,4.0,396000.0,445505.17354936467
183.0,4.0,4610,3.0,135000.0,136385.9134383444
173.0,3.0,4020,3.0,315000.0,315031.748341958
109.0,2.0,3700,3.0,185000.0,154054.13717326176
206.0,4.0,2800,2.0,440000.0,405166.48818819737
77.0,2.0,4610,3.0,229000.0,227198.7368192002
91.0,3.0,6941,4.0,239000.0,228056.69284406712
100.0,2.0,6224,3.0,280000.0,278116.19416861114
155.0,3.0,7190,4.0,220000.0,220892.05804516037
100.0,2.0,6224,3.0,280000.0,278116.19416861114
125.0,3.0,7134,3.0,165000.0,133258.80769462395
155.0,3.0,7190,4.0,220000.0,220892.05804516037
150.0,2.0,1420,2.0,230000.0,350701.0844220413
180.0,3.0,4030,2.0,295000.0,230310.34271796595
173.0,3.0,4020,3.0,315000.0,315031.748341958
173.0,3.0,4020,3.0,315000.0,315031.748341958
95.0,2.0,7100,2.0,120000.0,120890.94121129943
130.0,3.0,8530,2.0,155000.0,219596.2076880021
200.0,2.0,2170,2.0,375000.0,348827.96509295714
175.0,4.0,1300,4.0,495000.0,501303.4492800795
137.0,5.0,2230,4.0,439000.0,273925.2495488136
155.0,3.0,7190,4.0,220000.0,220892.05804516037
100.0,2.0,6224,3.0,280000.0,278116.19416861114
155.0,3.0,7190,4.0,220000.0,220892.05804516037
77.0,2.0,4610,3.0,229000.0,227198.7368192002
173.0,3.0,4020,3.0,315000.0,315031.748341958
183.0,4.0,4610,3.0,135000.0,136385.9134383444
165.0,3.0,7080,2.0,119000.0,218525.49689721398
150.0,4.0,4030,3.0,150000.0,253339.15133478298
125.0,3.0,4000,2.0,249000.0,197336.79517463085
130.0,2.0,9900,2.0,199000.0,234519.89614044368
358.0,5.0,1970,3.0,895000.0,894875.6798654398
294.0,4.0,6780,4.0,395000.0,458048.5068185857
173.0,3.0,4020,3.0,315000.0,315031.748341958
263.0,3.0,8430,4.0,588000.0,495424.2570758553
105.0,2.0,3320,3.0,235000.0,205580.0207107609
168.0,4.0,7320,2.0,149000.0,192836.06147305985
225.0,5.0,1082,2.0,485000.0,546960.6887384253
130.0,4.0,2140,2.0,399000.0,332461.7865900921
115.0,2.0,7160,4.0,147500.0,205012.5064716238
155.0,3.0,7190,4.0,220000.0,220892.05804516037
150.0,2.0,2640,3.0,459000.0,351374.1439404393
88.0,2.0,4040,2.0,149000.0,99901.54934009652
148.0,3.0,2250,3.0,369000.0,309185.7196849463
190.0,4.0,7500,2.0,239000.0,241286.81456040865
207.0,4.0,9300,2.0,299000.0,309162.3238913335
150.0,4.0,1030,2.0,249900.0,478282.0789824305
330.0,2.0,1860,3.0,595000.0,456785.2923161813
180.0,5.0,1420,3.0,370000.0,447315.0502777302
107.0,3.0,1150,3.0,475000.0,474870.1154474747
77.0,2.0,4610,3.0,229000.0,227198.7368192002
88.0,3.0,4020,2.0,154500.0,155612.09497992322
173.0,3.0,4020,3.0,315000.0,315031.748341958
100.0,2.0,6224,3.0,280000.0,278116.19416861114
168.0,3.0,4180,2.0,145000.0,211700.37347810186
185.0,3.0,2430,3.0,340980.0,351922.9416881638
220.0,3.0,6040,2.0,270000.0,194436.54407605148
60.0,2.0,8610,3.0,169000.0,141118.9972364158
107.0,3.0,1150,3.0,475000.0,474870.1154474747
100.0,2.0,6224,3.0,280000.0,278116.19416861114
130.0,3.0,4020,3.0,99000.0,249257.65020864084
107.0,3.0,1150,3.0,475000.0,474870.1154474747
173.0,3.0,4020,3.0,315000.0,315031.748341958
210.0,3.0,2560,2.0,399000.0,409650.435695417
155.0,3.0,7190,4.0,220000.0,220892.05804516037
90.0,3.0,6061,2.0,130000.0,111566.95661265774
210.0,4.0,1410,3.0,595000.0,561509.4795159112
110.0,2.0,6221,4.0,180000.0,225864.21409802057
223.0,4.0,3000,2.0,635000.0,461855.99920160533
220.0,4.0,9472,3.0,359000.0,279066.4816603384
77.0,2.0,4610,3.0,229000.0,227198.7368192002
197.0,2.0,2380,3.0,419000.0,322282.938701506
87.0,3.0,5580,2.0,110000.0,113672.65662903
100.0,2.0,6224,3.0,280000.0,278116.19416861114
183.0,4.0,4610,3.0,135000.0,136385.9134383444
358.0,5.0,1970,3.0,895000.0,894875.6798654398
155.0,3.0,7190,4.0,220000.0,220892.05804516037
183.0,4.0,4610,3.0,135000.0,136385.9134383444
115.0,2.0,1650,2.0,350000.0,293200.96577047126
201.0,3.0,1480,2.0,175000.0,332669.94507373165
100.0,2.0,6224,3.0,280000.0,278116.19416861114
224.0,5.0,6760,4.0,365000.0,386364.1793740387
358.0,5.0,1970,3.0,895000.0,894875.6798654398
200.0,3.0,4610,4.0,279000.0,315698.31235652324
125.0,3.0,1933,4.0,495000.0,503382.7422654862
390.0,4.0,1390,4.0,775000.0,743795.5633954426
247.0,5.0,6224,2.0,159999.0,252379.29300830376
77.0,2.0,4610,3.0,229000.0,227198.7368192002
207.0,3.0,8300,3.0,575000.0,464154.0837120017
250.0,5.0,7890,4.0,390000.0,472792.48991562263
144.0,3.0,3920,3.0,264000.0,217839.55277885156
145.0,2.0,3770,3.0,179000.0,197677.83897701494
155.0,3.0,7190,4.0,220000.0,220892.05804516037
190.0,4.0,6110,4.0,250000.0,309432.99162550847
100.0,2.0,6224,3.0,280000.0,278116.19416861114
107.0,2.0,2490,2.0,185000.0,222990.26216844568
238.0,4.0,3680,2.0,349000.0,333826.84319347586
183.0,4.0,4610,3.0,135000.0,136385.9134383444
107.0,3.0,1150,3.0,475000.0,474870.1154474747
112.0,2.0,9160,2.0,120000.0,206714.97087200274
268.0,3.0,4121,4.0,409000.0,376341.53958117974
216.0,5.0,1831,2.0,383000.0,469842.85642100626
155.0,3.0,7190,4.0,220000.0,220892.05804516037
107.0,3.0,1150,3.0,475000.0,474870.1154474747
113.0,2.0,6180,2.0,160000.0,107243.86049397745
100.0,2.0,6224,3.0,280000.0,278116.19416861114
120.0,3.0,9290,4.0,360000.0,318636.0044223051
183.0,4.0,4610,3.0,135000.0,136385.9134383444
358.0,5.0,1970,3.0,895000.0,894875.6798654398
181.0,4.0,9200,3.0,279000.0,293521.7825932996
220.0,4.0,7532,4.0,220000.0,426273.092967081
358.0,5.0,1970,3.0,895000.0,894875.6798654398
358.0,5.0,1970,3.0,895000.0,894875.6798654398
100.0,2.0,6224,3.0,280000.0,278116.19416861114
250.0,3.0,1980,4.0,799000.0,828846.3441762364
183.0,4.0,4610,3.0,135000.0,136385.9134383444
77.0,2.0,4610,3.0,229000.0,227198.7368192002
358.0,5.0,1970,3.0,895000.0,894875.6798654398
185.0,4.0,8790,4.0,477500.0,479017.55381031486
246.0,4.0,1790,2.0,369000.0,467876.0465914916
93.0,2.0,4420,3.0,120000.0,174491.06444548993
98.0,3.0,1420,2.0,385000.0,243892.90824934255
173.0,3.0,4020,3.0,315000.0,315031.748341958
180.0,4.0,5060,4.0,370000.0,424116.02347590105
180.0,4.0,9140,2.0,319000.0,331914.9912803665
360.0,4.0,9340,4.0,399000.0,478695.20753264776
175.0,4.0,7100,2.0,99000.0,236412.08635665447
150.0,3.0,1730,3.0,375000.0,377687.1732926546
230.0,3.0,9140,3.0,319000.0,393909.54675141256
120.0,2.0,4560,3.0,122500.0,166807.20629020175
140.0,3.0,2900,2.0,275000.0,314555.8406282009
100.0,2.0,6224,3.0,280000.0,278116.19416861114
133.0,3.0,6250,4.0,375000.0,234615.6856041733
125.0,2.0,6044,2.0,79999.0,125626.15430653849
195.0,3.0,1860,3.0,465000.0,461371.93552791065
155.0,3.0,7190,4.0,220000.0,220892.05804516037
77.0,2.0,4610,3.0,229000.0,227198.7368192002
129.0,2.0,4570,4.0,50000.0,207465.84028948014
77.0,2.0,4610,3.0,229000.0,227198.7368192002
223.0,5.0,4050,3.0,190000.0,291833.4354086337
120.0,3.0,3000,2.0,745000.0,393150.3381994568
148.0,3.0,1500,3.0,440000.0,440201.4204398043
107.0,3.0,1150,3.0,475000.0,474870.1154474747
224.0,4.0,9500,3.0,329000.0,318764.38970276766
155.0,3.0,7190,4.0,220000.0,220892.05804516037
183.0,4.0,4610,3.0,135000.0,136385.9134383444
235.0,4.0,1050,2.0,1050000.0,715535.2528187254
173.0,3.0,4020,3.0,315000.0,315031.748341958
77.0,2.0,4610,3.0,229000.0,227198.7368192002
136.0,3.0,9100,2.0,245000.0,274284.98421816074
305.0,3.0,8480,2.0,399000.0,372111.53316912573
304.0,5.0,1190,2.0,1190000.0,692604.8099028041
162.0,3.0,2845,2.0,299000.0,317846.5179009113
183.0,4.0,4610,3.0,135000.0,136385.9134383444
114.0,3.0,4420,2.0,119000.0,162384.84011569055
105.0,3.0,7850,3.0,225000.0,181603.60113280482
77.0,2.0,4610,3.0,229000.0,227198.7368192002
330.0,5.0,7830,3.0,525000.0,455033.0842064444
77.0,2.0,4610,3.0,229000.0,227198.7368192002
155.0,3.0,7190,4.0,220000.0,220892.05804516037
173.0,3.0,4020,3.0,315000.0,315031.748341958
173.0,3.0,4020,3.0,315000.0,315031.748341958
94.0,2.0,6031,2.0,119999.0,117990.65066306053
77.0,2.0,4610,3.0,229000.0,227198.7368192002
205.0,4.0,1330,4.0,499000.0,546386.1982301662
185.0,4.0,2640,3.0,359000.0,458464.27809170884
111.0,3.0,2660,2.0,249000.0,296154.6449776911
358.0,5.0,1970,3.0,895000.0,894875.6798654398
131.0,2.0,2900,2.0,315000.0,268541.467151563
160.0,2.0,1500,2.0,249000.0,358517.3988798365
87.0,3.0,1400,2.0,295000.0,184240.0818509816
183.0,4.0,4610,3.0,135000.0,136385.9134383444
107.0,3.0,1150,3.0,475000.0,474870.1154474747
176.0,3.0,2470,3.0,445000.0,363469.25345189247
183.0,4.0,4610,3.0,135000.0,136385.9134383444
173.0,3.0,4020,3.0,315000.0,315031.748341958
170.0,2.0,1310,2.0,390000.0,321843.81026451633
170.0,3.0,1390,4.0,710000.0,493178.21972060687
107.0,3.0,1150,3.0,475000.0,474870.1154474747
210.0,4.0,1000,2.0,1300000.0,559210.769032817
96.0,2.0,6031,3.0,85000.0,119707.75294619054
200.0,5.0,1150,4.0,1150000.0,862307.6742271044
140.0,2.0,1000,3.0,695000.0,458347.66186556534
358.0,5.0,1970,3.0,895000.0,894875.6798654398
168.0,4.0,7320,2.0,149000.0,192836.06147305985
134.0,3.0,2150,2.0,429000.0,278653.0770225467
143.0,3.0,3150,4.0,140000.0,340919.9290770686
183.0,4.0,4610,3.0,135000.0,136385.9134383444
249.0,3.0,1090,2.0,595000.0,512761.6318762111
107.0,3.0,1150,3.0,475000.0,474870.1154474747
242.0,4.0,4053,4.0,399999.0,460461.2584675734
93.0,3.0,4970,4.0,400000.0,280245.08773517056
150.0,2.0,2640,2.0,399000.0,309460.71568743425
300.0,4.0,6220,2.0,259500.0,295738.7785898489
155.0,4.0,1080,2.0,499000.0,417324.9442849478
145.0,4.0,1030,2.0,345000.0,442791.2972310564
235.0,4.0,3300,3.0,398000.0,358884.89830903726
155.0,3.0,7190,4.0,220000.0,220892.05804516037
100.0,3.0,2300,2.0,165000.0,202734.17206533405
358.0,5.0,1970,3.0,895000.0,894875.6798654398
217.0,3.0,2660,2.0,315000.0,415936.93187261885
100.0,2.0,6224,3.0,280000.0,278116.19416861114
358.0,5.0,1970,3.0,895000.0,894875.6798654398
379.0,5.0,9200,4.0,1055000.0,881978.6044317286
173.0,3.0,4020,3.0,315000.0,315031.748341958
135.0,3.0,3940,3.0,245000.0,211168.27452469975
173.0,3.0,4020,3.0,315000.0,315031.748341958
179.0,5.0,1420,4.0,495000.0,547206.4332907284
183.0,4.0,4610,3.0,135000.0,136385.9134383444
173.0,3.0,4020,3.0,315000.0,315031.748341958
358.0,5.0,1970,3.0,895000.0,894875.6798654398
148.0,4.0,9032,2.0,450000.0,384001.06336376676
173.0,3.0,4020,3.0,315000.0,315031.748341958
110.0,2.0,1601,2.0,275000.0,335202.34023101686
176.0,3.0,1560,4.0,548000.0,547792.4744048639
156.0,5.0,2020,2.0,350000.0,369862.24232834217
110.0,3.0,4000,4.0,205000.0,246131.17304312994
270.0,3.0,8710,3.0,535000.0,333553.04441185005
183.0,4.0,4610,3.0,135000.0,136385.9134383444
66.0,2.0,7340,2.0,50000.0,90274.5884948829
100.0,2.0,6224,3.0,280000.0,278116.19416861114
224.0,4.0,1170,3.0,685000.0,821417.9145920879
220.0,3.0,1600,3.0,590000.0,453971.0304559778
122.0,3.0,7060,2.0,210000.0,176239.4764891071
169.0,3.0,2300,2.0,235000.0,288462.38254232676
107.0,3.0,1150,3.0,475000.0,474870.1154474747
250.0,4.0,3140,4.0,835000.0,594978.997415778
258.0,3.0,9400,3.0,365000.0,281703.006179042
107.0,3.0,1150,3.0,475000.0,474870.1154474747
165.0,4.0,8810,3.0,258000.0,224959.4216697157
140.0,3.0,7340,2.0,125000.0,162585.45321150662
103.0,3.0,4400,3.0,199000.0,164540.18345790743
100.0,2.0,6224,3.0,280000.0,278116.19416861114
228.0,3.0,1547,3.0,259000.0,422558.04190638656
100.0,2.0,6224,3.0,280000.0,278116.19416861114
137.0,3.0,2500,2.0,374000.0,306778.77343382273
250.0,4.0,6000,2.0,325000.0,241027.6691450693
140.0,2.0,2900,2.0,319000.0,282574.7424391078
173.0,3.0,4020,3.0,315000.0,315031.748341958
310.0,3.0,1850,2.0,490000.0,498073.5392275135
173.0,3.0,4020,3.0,315000.0,315031.748341958
77.0,2.0,4610,3.0,229000.0,227198.7368192002
221.0,3.0,1700,3.0,445000.0,458327.2765051172
170.0,3.0,4300,4.0,230000.0,315913.14913088677
112.0,2.0,2300,2.0,118000.0,217855.97899747922
198.0,5.0,4800,2.0,500644.0,209674.7629609234
203.0,3.0,1090,2.0,530000.0,482040.83580677694
222.0,3.0,3890,4.0,279000.0,370232.8279554034
111.0,3.0,2500,3.0,279900.0,305630.4511862896
358.0,5.0,1970,3.0,895000.0,894875.6798654398
160.0,3.0,1840,3.0,365000.0,354418.0816169174
260.0,3.0,7912,3.0,180000.0,310221.7262623458
250.0,5.0,1080,2.0,490000.0,621160.2103787471
77.0,2.0,4610,3.0,229000.0,227198.7368192002
155.0,3.0,7190,4.0,220000.0,220892.05804516037
127.0,3.0,2620,2.0,289000.0,331165.3152701274
155.0,3.0,7190,4.0,220000.0,220892.05804516037
132.0,2.0,2850,2.0,190000.0,263412.78829734126
105.0,3.0,4020,3.0,259000.0,238943.0785446455
130.0,3.0,6230,2.0,169900.0,187217.64621420874
144.0,3.0,2570,2.0,285000.0,284717.5818786056
155.0,3.0,7190,4.0,220000.0,220892.05804516037
173.0,3.0,4020,3.0,315000.0,315031.748341958
337.0,5.0,9220,4.0,1299000.0,851700.0008419405
128.0,3.0,5377,4.0,274500.0,251043.00036335143
100.0,2.0,6224,3.0,280000.0,278116.19416861114
77.0,2.0,4610,3.0,229000.0,227198.7368192002
109.0,3.0,4420,3.0,145000.0,182033.49709400942
390.0,3.0,6044,3.0,299000.0,233735.89285082574
150.0,3.0,1932,3.0,520000.0,514742.99899445
183.0,4.0,4610,3.0,135000.0,136385.9134383444
130.0,3.0,4540,3.0,99000.0,199275.88922303615
150.0,3.0,6060,2.0,160000.0,162925.28987087423
107.0,3.0,1150,3.0,475000.0,474870.1154474747
358.0,5.0,1970,3.0,895000.0,894875.6798654398
107.0,3.0,1150,3.0,475000.0,474870.1154474747
183.0,4.0,4610,3.0,135000.0,136385.9134383444
160.0,3.0,9120,3.0,449000.0,297473.33334345487
125.0,3.0,4020,4.0,220000.0,281885.13931868796
135.0,3.0,2220,3.0,479000.0,255068.88877660147
103.0,3.0,1315,4.0,389999.0,361340.88462693413
224.0,4.0,1180,3.0,845000.0,832578.4321276222
155.0,3.0,7190,4.0,220000.0,220892.05804516037
183.0,4.0,4610,3.0,135000.0,136385.9134383444
170.0,4.0,1702,2.0,419000.0,325453.9164815508
358.0,5.0,1970,3.0,895000.0,894875.6798654398
101.0,3.0,7170,4.0,255000.0,211264.8697127385
140.0,2.0,2110,2.0,259000.0,299049.4302043531
187.0,3.0,1300,4.0,690000.0,674541.3870032523
358.0,5.0,1970,3.0,895000.0,894875.6798654398
173.0,3.0,4020,3.0,315000.0,315031.748341958
118.0,3.0,2845,2.0,185000.0,257792.4469481153
200.0,4.0,1440,2.0,495000.0,425784.77361513174
120.0,3.0,1430,3.0,219000.0,314429.03075667634
298.0,4.0,6900,4.0,350000.0,409152.91234194505
97.0,3.0,4020,2.0,169000.0,170577.13045194483
120.0,3.0,6150,3.0,195000.0,171267.22867037225
200.0,5.0,6250,4.0,440000.0,327770.30218415445
185.0,4.0,9320,2.0,315000.0,290154.9645734056
74.0,2.0,4260,2.0,100000.0,135413.95282216975
285.0,5.0,4460,4.0,450000.0,421038.6695483524
120.0,3.0,6044,2.0,209900.0,157448.80994672762
183.0,4.0,3580,4.0,285000.0,195966.48858460318
182.0,3.0,6220,2.0,159900.0,191603.70307479714
212.0,4.0,5560,3.0,199000.0,197764.5463854713
145.0,4.0,5540,4.0,695000.0,247654.6895196738
155.0,3.0,7190,4.0,220000.0,220892.05804516037
205.0,5.0,5580,3.0,269000.0,193303.66975703096
170.0,3.0,1853,2.0,405000.0,367877.706220201
173.0,3.0,4020,3.0,315000.0,315031.748341958
358.0,5.0,1970,3.0,895000.0,894875.6798654398
131.0,3.0,5560,4.0,380000.0,245690.9269726301
200.0,3.0,7783,2.0,185000.0,272286.63918082096
112.0,3.0,9000,2.0,289000.0,320551.3515358434
183.0,4.0,4610,3.0,135000.0,136385.9134383444
183.0,4.0,4610,3.0,135000.0,136385.9134383444
155.0,3.0,7190,4.0,220000.0,220892.05804516037
156.0,3.0,4300,3.0,180000.0,229368.96894574314
156.0,3.0,1070,2.0,375000.0,410201.9551982891
173.0,3.0,4020,3.0,315000.0,315031.748341958
316.0,5.0,2870,2.0,569000.0,546843.9995769663
155.0,3.0,7190,4.0,220000.0,220892.05804516037
155.0,3.0,7190,4.0,220000.0,220892.05804516037
100.0,2.0,6224,3.0,280000.0,278116.19416861114
137.0,3.0,6141,3.0,220000.0,193804.16619980923
250.0,4.0,3071,3.0,465000.0,578690.7078942495
230.0,3.0,9660,3.0,349000.0,298267.68626050407
230.0,4.0,3800,4.0,509000.0,379163.9539784178
155.0,3.0,7190,4.0,220000.0,220892.05804516037
187.0,3.0,1300,4.0,690000.0,674541.3870032523
183.0,4.0,4610,3.0,135000.0,136385.9134383444
173.0,3.0,4020,3.0,315000.0,315031.748341958
160.0,3.0,9050,2.0,412406.0,384625.87325421604
145.0,3.0,3850,4.0,325000.0,240156.37561744277
107.0,3.0,1150,3.0,475000.0,474870.1154474747
173.0,3.0,4020,3.0,315000.0,315031.748341958
142.0,3.0,8480,3.0,229000.0,283566.54067594704
190.0,5.0,9280,2.0,275000.0,356273.22348439123
155.0,3.0,7190,4.0,220000.0,220892.05804516037
173.0,3.0,4020,3.0,315000.0,315031.748341958
155.0,3.0,7190,4.0,220000.0,220892.05804516037
107.0,3.0,1150,3.0,475000.0,474870.1154474747
167.0,2.0,3390,3.0,265000.0,301790.9048972795
151.0,2.0,2800,2.0,295000.0,302459.35390926176
187.0,3.0,1300,4.0,690000.0,674541.3870032523
240.0,4.0,7830,4.0,525000.0,509860.1310148545
215.0,3.0,1330,4.0,535000.0,582115.3530532295
173.0,3.0,4020,3.0,315000.0,315031.748341958
240.0,3.0,8553,4.0,487000.0,529511.8613969169
249.0,4.0,2480,3.0,385000.0,424127.77849442273
130.0,3.0,9070,3.0,349000.0,292202.9156226836
275.0,3.0,5670,3.0,475000.0,246096.8106395061
160.0,4.0,1420,4.0,480000.0,554568.9510167037
260.0,4.0,1470,4.0,645000.0,588261.2861420782
155.0,3.0,7190,4.0,220000.0,220892.05804516037
180.0,3.0,6180,3.0,285000.0,211451.0067633169
261.0,3.0,9200,3.0,285000.0,348980.1072490147
152.0,2.0,2830,4.0,570000.0,312310.79644600506
240.0,4.0,9971,3.0,399000.0,389040.1048414854
90.0,3.0,4102,2.0,175000.0,132213.0291999095
256.0,4.0,1570,2.0,195000.0,488663.85278738267
146.0,3.0,2845,2.0,199000.0,291306.2570472657
220.0,3.0,7340,2.0,200000.0,194949.6176700711
77.0,2.0,4610,3.0,229000.0,227198.7368192002
166.0,2.0,8450,3.0,175000.0,252766.8266561252
107.0,3.0,1150,3.0,475000.0,474870.1154474747
243.0,3.0,6044,3.0,259900.0,237644.2318551588
358.0,5.0,1970,3.0,895000.0,894875.6798654398
173.0,3.0,4020,3.0,315000.0,315031.748341958
190.0,4.0,2550,3.0,498000.0,432309.6755089908
358.0,5.0,1970,3.0,895000.0,894875.6798654398
240.0,5.0,2450,4.0,429000.0,453206.9115234351
100.0,2.0,6224,3.0,280000.0,278116.19416861114
140.0,3.0,7700,2.0,159000.0,208220.26026722178
183.0,4.0,4610,3.0,135000.0,136385.9134383444
183.0,4.0,4610,3.0,135000.0,136385.9134383444
173.0,3.0,4020,3.0,315000.0,315031.748341958
110.0,2.0,1457,3.0,190000.0,263607.5916555869
133.0,4.0,4040,2.0,125000.0,148867.04642150295
183.0,4.0,4610,3.0,135000.0,136385.9134383444
202.0,3.0,2560,4.0,219000.0,497811.8860387246
94.0,2.0,5651,2.0,99000.0,121185.31867090682
100.0,2.0,4430,3.0,199500.0,212568.17920948725
155.0,3.0,7190,4.0,220000.0,220892.05804516037
164.0,3.0,9940,2.0,285000.0,311489.2727678284
100.0,2.0,6224,3.0,280000.0,278116.19416861114
77.0,2.0,4610,3.0,229000.0,227198.7368192002
183.0,4.0,4610,3.0,135000.0,136385.9134383444
220.0,4.0,1410,4.0,625000.0,704547.0870066825
150.0,2.0,1980,4.0,390000.0,415479.70720966853
198.0,5.0,4100,4.0,449000.0,404626.47826267686
207.0,3.0,9030,4.0,529000.0,583541.0482304962
358.0,5.0,1970,3.0,895000.0,894875.6798654398
207.0,3.0,5150,4.0,190000.0,382482.3548926651
220.0,4.0,1000,2.0,569000.0,566841.8217578784
100.0,3.0,4870,3.0,119000.0,216040.35267485736
200.0,3.0,9402,2.0,269000.0,339552.53630076186
176.0,3.0,1200,3.0,675000.0,608706.7406035587
191.0,3.0,4400,3.0,279000.0,240309.7443420563
166.0,4.0,1440,3.0,259000.0,333805.76653385273
183.0,4.0,4610,3.0,135000.0,136385.9134383444
100.0,2.0,6224,3.0,280000.0,278116.19416861114
358.0,5.0,1970,3.0,895000.0,894875.6798654398
218.0,3.0,6700,4.0,585000.0,364582.09873386385
300.0,3.0,3960,4.0,449000.0,508000.02179154503
192.0,3.0,9300,3.0,399000.0,337963.61176274455
158.0,2.0,1180,2.0,895000.0,506816.0898919784
136.0,3.0,2230,4.0,365000.0,278197.4931169502
95.0,3.0,9500,4.0,275000.0,259063.1427083244
135.0,3.0,9300,2.0,197000.0,272309.821287939
250.0,5.0,9090,3.0,549000.0,467765.075935198
125.0,3.0,1320,3.0,375000.0,348934.48134172015
358.0,5.0,1970,3.0,895000.0,894875.6798654398
183.0,4.0,4610,3.0,135000.0,136385.9134383444
107.0,3.0,1150,3.0,475000.0,474870.1154474747
122.0,2.0,4430,2.0,159000.0,182969.10281900302
200.0,4.0,1083,2.0,650000.0,569958.0383708276
193.0,5.0,1390,4.0,210000.0,552841.2753091457
100.0,2.0,6224,3.0,280000.0,278116.19416861114
358.0,5.0,1970,3.0,895000.0,894875.6798654398
155.0,3.0,7190,4.0,220000.0,220892.05804516037
119.0,3.0,5522,2.0,109000.0,162815.50925538212
153.0,3.0,2460,3.0,325000.0,310254.24305283575
300.0,3.0,2200,4.0,895000.0,598761.7863474404
150.0,3.0,4537,4.0,400000.0,214776.35041463206
155.0,3.0,7190,4.0,220000.0,220892.05804516037
190.0,3.0,4690,3.0,295000.0,321538.17861284653
188.0,4.0,4820,4.0,265000.0,409315.2885518512
140.0,4.0,5060,3.0,189000.0,264561.7718980675
100.0,2.0,6224,3.0,280000.0,278116.19416861114
122.0,3.0,4031,2.0,149000.0,183199.0792193524
162.0,3.0,5070,3.0,175000.0,252983.69148815575
173.0,3.0,4020,3.0,315000.0,315031.748341958
180.0,4.0,6042,3.0,195000.0,205269.9558879551
98.0,3.0,7700,2.0,149000.0,161744.26209702887
280.0,4.0,2260,4.0,849000.0,528442.4179035209
183.0,4.0,4610,3.0,135000.0,136385.9134383444
360.0,4.0,1360,4.0,525000.0,582470.9779111606
130.0,3.0,4671,4.0,250000.0,274627.74015981745
315.0,4.0,9550,4.0,375000.0,434286.95476308
175.0,4.0,1150,2.0,559000.0,568200.9723225802
170.0,3.0,1470,4.0,495000.0,442510.02130252525
358.0,5.0,1970,3.0,895000.0,894875.6798654398
180.0,4.0,6030,2.0,279999.0,163866.3074020076
320.0,5.0,5530,4.0,549000.0,511800.1133954123
147.0,5.0,4801,3.0,484000.0,283274.8982612435
77.0,2.0,4610,3.0,229000.0,227198.7368192002
140.0,2.0,1390,4.0,335000.0,402815.1385105744
159.0,2.0,7134,2.0,190000.0,117149.69480060082
90.0,2.0,5060,3.0,175000.0,185624.92336478856
67.0,2.0,4100,2.0,99500.0,111342.49255975695
200.0,3.0,5060,2.0,210000.0,255435.78899769322
107.0,3.0,1150,3.0,475000.0,474870.1154474747
100.0,2.0,6224,3.0,280000.0,278116.19416861114
183.0,4.0,4610,3.0,135000.0,136385.9134383444
125.0,3.0,7730,2.0,139000.0,213561.41837307886
193.0,3.0,3080,2.0,579000.0,358061.28673226474
155.0,3.0,7190,4.0,220000.0,220892.05804516037
136.0,3.0,6060,3.0,180000.0,179294.09873906834
200.0,4.0,1420,4.0,495000.0,673243.0422467664
100.0,2.0,6224,3.0,280000.0,278116.19416861114
120.0,3.0,1020,4.0,345000.0,492893.2333899888
108.0,4.0,4020,2.0,172500.0,180184.42224884313
229.0,4.0,6041,2.0,209900.0,191426.76657208498
90.0,2.0,5537,4.0,170000.0,160195.93873246666
159.0,5.0,6700,3.0,500000.0,252654.82541263755
173.0,3.0,4020,3.0,315000.0,315031.748341958
190.0,3.0,4870,3.0,179000.0,274228.59659186366
170.0,3.0,2350,4.0,479000.0,379587.93624053476
155.0,3.0,7190,4.0,220000.0,220892.05804516037
100.0,2.0,6224,3.0,280000.0,278116.19416861114
354.0,4.0,2910,4.0,1098000.0,652698.331506808
192.0,3.0,9470,3.0,280000.0,342512.7814545596
135.0,2.0,2300,2.0,220000.0,204963.79008081745
165.0,4.0,1650,2.0,330000.0,388839.40648802463
77.0,2.0,4610,3.0,229000.0,227198.7368192002
358.0,5.0,1970,3.0,895000.0,894875.6798654398
180.0,4.0,1970,3.0,650000.0,537204.9941700886
112.0,3.0,7850,4.0,349000.0,267926.3135428292
100.0,2.0,6224,3.0,280000.0,278116.19416861114
77.0,2.0,4610,3.0,229000.0,227198.7368192002
234.0,3.0,4630,3.0,255000.0,318489.6126591259
110.0,3.0,4030,3.0,115000.0,192622.5752855759
183.0,4.0,4610,3.0,135000.0,136385.9134383444
146.0,3.0,4032,2.0,30000.0,137580.62494604287
170.0,5.0,4860,3.0,146500.0,260232.84373938997
107.0,3.0,1150,3.0,475000.0,474870.1154474747
173.0,3.0,4020,3.0,315000.0,315031.748341958
120.0,3.0,7860,2.0,110000.0,199653.80522681083
215.0,3.0,5630,4.0,520000.0,266235.0339187555
320.0,5.0,5530,4.0,549000.0,511800.1133954123
173.0,3.0,4020,3.0,315000.0,315031.748341958
98.0,3.0,4837,3.0,353580.0,228163.5359786949
131.0,2.0,9600,3.0,90000.0,179796.34820258283
100.0,3.0,4900,4.0,340000.0,269773.34442992683
250.0,4.0,7350,3.0,275000.0,216985.96933826874
155.0,3.0,7190,4.0,220000.0,220892.05804516037
100.0,2.0,6224,3.0,280000.0,278116.19416861114
264.0,3.0,2800,2.0,249000.0,495106.9161966804
183.0,4.0,4610,3.0,135000.0,136385.9134383444
199.0,3.0,9255,2.0,449000.0,297539.89114977786
90.0,2.0,9620,1.0,159900.0,166450.31364856404
223.0,4.0,8820,4.0,369000.0,440754.93873765704
150.0,3.0,1400,2.0,375000.0,309889.17197651276
77.0,2.0,4610,3.0,229000.0,227198.7368192002
240.0,3.0,3980,4.0,389000.0,428266.2570328622
370.0,4.0,4101,3.0,450000.0,266924.9712584795
173.0,3.0,4020,3.0,315000.0,315031.748341958
220.0,3.0,4570,4.0,239000.0,360291.34264597244
80.0,3.0,5070,2.0,155000.0,147081.42613193457
195.0,4.0,2660,2.0,379000.0,377075.84793088527
107.0,3.0,1150,3.0,475000.0,474870.1154474747
183.0,4.0,4610,3.0,135000.0,136385.9134383444
183.0,4.0,4610,3.0,135000.0,136385.9134383444
107.0,3.0,1150,3.0,475000.0,474870.1154474747
77.0,2.0,4610,3.0,229000.0,227198.7368192002
173.0,3.0,4020,3.0,315000.0,315031.748341958
146.0,3.0,3270,4.0,315000.0,326937.7442853434
183.0,4.0,4610,3.0,135000.0,136385.9134383444
173.0,3.0,4020,3.0,315000.0,315031.748341958
183.0,4.0,4610,3.0,135000.0,136385.9134383444
100.0,2.0,6224,3.0,280000.0,278116.19416861114
150.0,3.0,4400,3.0,220000.0,212697.41579870234
125.0,3.0,1800,2.0,269000.0,289161.7043841264
173.0,3.0,4020,3.0,315000.0,315031.748341958
190.0,3.0,4557,3.0,199000.0,251443.6788935117
120.0,2.0,2940,2.0,279000.0,329954.65875176864
116.0,2.0,4500,2.0,159000.0,133037.78116126274
100.0,2.0,6224,3.0,280000.0,278116.19416861114
100.0,3.0,6987,2.0,85000.0,142464.61156050104
171.0,2.0,3140,4.0,440000.0,410871.8915369914
173.0,3.0,4020,3.0,315000.0,315031.748341958
123.0,2.0,4020,2.0,295000.0,208529.30213264102
358.0,5.0,1970,3.0,895000.0,894875.6798654398
155.0,3.0,7190,4.0,220000.0,220892.05804516037
204.0,3.0,8690,3.0,265000.0,328366.3126801998
160.0,3.0,7830,3.0,295000.0,233673.78642079144
187.0,3.0,1300,4.0,690000.0,674541.3870032523
224.0,3.0,9200,2.0,325000.0,376820.71959688707
175.0,4.0,5590,4.0,150000.0,289808.2839292599
173.0,3.0,4020,3.0,315000.0,315031.748341958
183.0,4.0,4610,3.0,135000.0,136385.9134383444
298.0,5.0,1770,4.0,735000.0,628235.3449312889
180.0,4.0,1030,2.0,579000.0,487764.45158861653
358.0,5.0,1970,3.0,895000.0,894875.6798654398
183.0,4.0,4610,3.0,135000.0,136385.9134383444
190.0,2.0,1745,2.0,385000.0,326382.34901440167
220.0,5.0,9500,4.0,469000.0,422905.63741485804
328.0,5.0,1030,2.0,650000.0,882337.234954355
165.0,2.0,4100,2.0,179900.0,173718.92759197636
110.0,2.0,6041,2.0,79000.0,121530.03777051772
155.0,3.0,7190,4.0,220000.0,220892.05804516037
183.0,4.0,4610,3.0,135000.0,136385.9134383444
173.0,3.0,4020,3.0,315000.0,315031.748341958
100.0,2.0,6224,3.0,280000.0,278116.19416861114
183.0,4.0,4610,3.0,135000.0,136385.9134383444
90.0,3.0,4801,3.0,179000.0,223201.42220832242
190.0,4.0,7711,4.0,699000.0,473500.0128289549
173.0,3.0,4020,3.0,315000.0,315031.748341958
107.0,3.0,1150,3.0,475000.0,474870.1154474747
116.0,3.0,1860,4.0,510000.0,367914.6908881682
183.0,4.0,4610,3.0,135000.0,136385.9134383444
66.0,2.0,9100,2.0,175000.0,167367.58692142036
152.0,3.0,1790,2.0,215000.0,333081.3266168264
77.0,2.0,4610,3.0,229000.0,227198.7368192002
358.0,5.0,1970,3.0,895000.0,894875.6798654398
140.0,3.0,6230,4.0,375000.0,281172.92545078916
143.0,4.0,1310,3.0,499000.0,414639.9767538696
145.0,3.0,4650,3.0,429550.0,252124.32397106968
77.0,2.0,4610,3.0,229000.0,227198.7368192002
173.0,3.0,4020,3.0,315000.0,315031.748341958
287.0,5.0,1780,4.0,695000.0,721488.8444534893
180.0,4.0,2360,3.0,282000.0,355535.7544125226
358.0,5.0,1970,3.0,895000.0,894875.6798654398
316.0,4.0,6690,4.0,175000.0,450747.80401848373
130.0,3.0,1853,2.0,395000.0,358037.63394271885
155.0,3.0,7190,4.0,220000.0,220892.05804516037
100.0,3.0,4530,4.0,229000.0,217067.69529881526
150.0,5.0,1428,4.0,500000.0,394263.95230492466
271.0,4.0,9550,2.0,225000.0,246058.1116105681
77.0,2.0,4610,3.0,229000.0,227198.7368192002
146.0,4.0,4400,3.0,215000.0,241320.00896351069
201.0,3.0,2660,2.0,325000.0,409710.06622879213
147.0,4.0,2100,2.0,299000.0,321324.5300607863
120.0,3.0,9660,4.0,270000.0,279676.89602584456
358.0,5.0,1970,3.0,895000.0,894875.6798654398
173.0,3.0,4020,3.0,315000.0,315031.748341958
180.0,4.0,6900,2.0,239000.0,218062.91382475273
173.0,3.0,4020,3.0,315000.0,315031.748341958
105.0,3.0,7110,3.0,235000.0,163068.86918121693
220.0,3.0,1350,4.0,495000.0,571535.8211999114
155.0,3.0,7190,4.0,220000.0,220892.05804516037
200.0,3.0,9968,4.0,495000.0,458708.20893811336
180.0,3.0,2840,3.0,565000.0,399170.2034235853
125.0,3.0,7160,2.0,199000.0,152392.06331502693
120.0,2.0,1400,3.0,150000.0,281870.1131896138
165.0,3.0,4420,2.0,225000.0,193481.37671936888
161.0,3.0,2200,2.0,335000.0,256458.96346180764
225.0,4.0,3200,2.0,349000.0,353284.9152525192
100.0,2.0,6224,3.0,280000.0,278116.19416861114
173.0,3.0,4020,3.0,315000.0,315031.748341958
145.0,2.0,2300,2.0,195000.0,222243.93561762912
183.0,4.0,4610,3.0,135000.0,136385.9134383444
64.0,2.0,2382,4.0,175000.0,114589.38811855015
183.0,4.0,4610,3.0,135000.0,136385.9134383444
155.0,3.0,7190,4.0,220000.0,220892.05804516037
183.0,4.0,4610,3.0,135000.0,136385.9134383444
180.0,4.0,2000,2.0,499000.0,503510.317348557
250.0,4.0,4100,4.0,625000.0,472796.2444964661
173.0,3.0,8820,3.0,165000.0,256371.8547601413
128.0,5.0,4102,2.0,169000.0,173390.87973294655
180.0,3.0,7830,4.0,370000.0,369094.995332702
170.0,2.0,2600,2.0,349000.0,330702.5778053986
200.0,4.0,4540,2.0,299000.0,239725.65442812172
358.0,5.0,1970,3.0,895000.0,894875.6798654398
310.0,4.0,9420,4.0,945000.0,567421.920576832
150.0,3.0,1570,3.0,279000.0,440201.4204398043
157.0,3.0,1850,3.0,375000.0,360703.0950343721
160.0,3.0,1570,3.0,365000.0,423139.12714050413
300.0,4.0,1000,2.0,820000.0,782273.0473236635
124.0,2.0,2800,2.0,325000.0,302920.620886341
130.0,2.0,7134,2.0,95000.0,116659.4528817235
107.0,3.0,1150,3.0,475000.0,474870.1154474747
305.0,3.0,1500,2.0,680000.0,484550.29297062743
155.0,3.0,7190,4.0,220000.0,220892.05804516037
171.0,3.0,2610,2.0,399000.0,379897.670878294
221.0,4.0,6700,2.0,355000.0,288497.870643866
173.0,3.0,4020,3.0,315000.0,315031.748341958
178.0,5.0,1780,2.0,459000.0,353520.00632224313
234.0,5.0,4400,2.0,275000.0,237257.9894597457
160.0,3.0,9470,3.0,285000.0,289802.00768442824
173.0,3.0,4020,3.0,315000.0,315031.748341958
202.0,3.0,2060,1.0,419000.0,393815.2789680832
129.0,3.0,7134,3.0,189000.0,144616.28194878614
130.0,4.0,4400,4.0,255000.0,319415.6029917031
155.0,3.0,7190,4.0,220000.0,220892.05804516037
120.0,3.0,3390,4.0,299000.0,257638.82942807896
131.0,3.0,4851,4.0,229000.0,311671.1374882912
187.0,3.0,1300,4.0,690000.0,674541.3870032523
183.0,4.0,4610,3.0,135000.0,136385.9134383444
109.0,2.0,1357,4.0,299999.0,279838.6645626959
187.0,3.0,1300,4.0,690000.0,674541.3870032523
170.0,3.0,3300,3.0,329000.0,298206.6330846755
314.0,4.0,6690,4.0,285000.0,478194.5912311721
166.0,5.0,4170,3.0,219000.0,196497.081039694
275.0,5.0,4190,4.0,439900.0,416475.6198430296
100.0,3.0,1850,4.0,363000.0,333113.5492417504
173.0,3.0,4020,3.0,315000.0,315031.748341958
160.0,4.0,4020,2.0,174900.0,260149.63328758802
231.0,3.0,4870,4.0,399000.0,392285.5392187284
209.0,4.0,7333,4.0,360000.0,290200.068146598
77.0,2.0,4610,3.0,229000.0,227198.7368192002
320.0,5.0,1050,2.0,985000.0,1173838.965950584
77.0,2.0,4610,3.0,229000.0,227198.7368192002
155.0,3.0,7190,4.0,220000.0,220892.05804516037
168.0,3.0,7340,2.0,165000.0,193717.93990885848
155.0,3.0,7190,4.0,220000.0,220892.05804516037
160.0,3.0,3404,3.0,100000.0,268980.11249223317
116.0,3.0,1770,3.0,318000.0,298353.28377350245
142.0,3.0,4860,2.0,65000.0,201715.95615413343
350.0,4.0,3070,4.0,680000.0,829076.6819527595
77.0,2.0,4610,3.0,229000.0,227198.7368192002
194.0,3.0,4360,3.0,85000.0,240309.7443420563
125.0,3.0,3090,4.0,465000.0,348239.1638248683
155.0,4.0,1367,4.0,350000.0,350434.74473694194
310.0,3.0,1331,4.0,715000.0,837563.5830482309
156.0,3.0,1840,3.0,372000.0,360703.0950343721
173.0,4.0,6043,3.0,239000.0,200004.57112405758
155.0,3.0,1790,4.0,295000.0,428239.0887013154
382.0,3.0,4460,2.0,200000.0,329533.70720189874
400.0,4.0,1780,4.0,1250000.0,782729.5088124062
358.0,5.0,1970,3.0,895000.0,894875.6798654398
145.0,3.0,3680,4.0,227000.0,230470.8869778098
120.0,3.0,7110,2.0,150000.0,188657.3182448951
102.0,3.0,6791,4.0,355000.0,275283.7662334956
183.0,4.0,4610,3.0,135000.0,136385.9134383444
358.0,5.0,1970,3.0,895000.0,894875.6798654398
77.0,2.0,4610,3.0,229000.0,227198.7368192002
183.0,4.0,4610,3.0,135000.0,136385.9134383444
202.0,5.0,1060,2.0,585000.0,518331.15846480365
100.0,2.0,6224,3.0,280000.0,278116.19416861114
275.0,3.0,1380,4.0,925000.0,713393.4552094463
183.0,4.0,4610,3.0,135000.0,136385.9134383444
371.0,5.0,3320,4.0,475000.0,520807.9966904501
155.0,3.0,7190,4.0,220000.0,220892.05804516037
230.0,3.0,4540,3.0,115000.0,256818.0541377313
136.0,4.0,9050,1.0,260000.0,388642.868175484
110.0,2.0,1330,4.0,350000.0,353863.4207362274
170.0,4.0,1320,2.0,419000.0,353949.21320809145
245.0,2.0,1000,2.0,1090000.0,584237.0572405532
200.0,4.0,9470,2.0,335000.0,334937.39944053825
165.0,3.0,6020,2.0,295000.0,153650.41887282097
243.0,4.0,7740,3.0,199000.0,359715.95723201986
173.0,3.0,4020,3.0,315000.0,315031.748341958
275.0,4.0,1341,4.0,475000.0,658826.1280627751
183.0,4.0,4610,3.0,135000.0,136385.9134383444
110.0,2.0,4040,3.0,169500.0,148463.98153106967
358.0,5.0,1970,3.0,895000.0,894875.6798654398
173.0,3.0,4020,3.0,315000.0,315031.748341958
280.0,4.0,1950,4.0,1200000.0,855579.5054288936
135.0,3.0,7050,4.0,259000.0,304900.0474789148
145.0,3.0,4470,4.0,235000.0,234220.88822894337
180.0,3.0,4430,2.0,249000.0,228502.88650227716
107.0,3.0,1150,3.0,475000.0,474870.1154474747
226.0,4.0,2440,4.0,365000.0,420778.34313480865
200.0,2.0,1040,2.0,550000.0,553490.0736934274
100.0,2.0,6224,3.0,280000.0,278116.19416861114
175.0,3.0,2620,2.0,275000.0,390537.6432385331
243.0,5.0,1350,3.0,299000.0,585335.5061633295
130.0,2.0,4031,4.0,360000.0,231145.65988292018
140.0,4.0,1547,2.0,245000.0,360507.73457263986
163.0,3.0,7387,3.0,220000.0,166821.197539341
100.0,2.0,6224,3.0,280000.0,278116.19416861114
120.0,3.0,4980,2.0,270000.0,192354.72128758187
100.0,2.0,6224,3.0,280000.0,278116.19416861114
160.0,3.0,5340,4.0,360000.0,319665.2425432718
306.0,4.0,1470,4.0,1275000.0,609514.2872610159
105.0,3.0,1400,2.0,195000.0,212932.28822605815
267.0,5.0,2170,2.0,449000.0,447136.4123426235
115.0,3.0,6061,3.0,159000.0,166070.4384261475
183.0,4.0,4610,3.0,135000.0,136385.9134383444
175.0,4.0,1400,2.0,260000.0,309438.30118611007
140.0,3.0,4480,3.0,175000.0,219586.62656037632
284.0,3.0,4870,2.0,99000.0,283858.3774844969
358.0,5.0,1970,3.0,895000.0,894875.6798654398
186.0,3.0,6953,4.0,369000.0,318078.44521160616
195.0,4.0,2100,2.0,349000.0,359304.24009858776
187.0,3.0,1300,4.0,690000.0,674541.3870032523
160.0,2.0,7090,4.0,400000.0,247976.7462113233
160.0,3.0,7850,3.0,295000.0,233673.78642079144
101.0,2.0,9900,2.0,145000.0,194306.97622845822
260.0,3.0,1190,2.0,599000.0,651156.5058974997
187.0,3.0,1300,4.0,690000.0,674541.3870032523
130.0,3.0,1651,2.0,360000.0,345855.72347219306
209.0,4.0,6150,2.0,189000.0,195657.8597213631
173.0,3.0,4020,3.0,315000.0,315031.748341958
358.0,5.0,1970,3.0,895000.0,894875.6798654398
77.0,2.0,4610,3.0,229000.0,227198.7368192002
358.0,5.0,1970,3.0,895000.0,894875.6798654398
220.0,3.0,3210,4.0,795000.0,476077.5914944273
96.0,3.0,7700,2.0,169000.0,151269.07755904042
77.0,2.0,4610,3.0,229000.0,227198.7368192002
100.0,2.0,6224,3.0,280000.0,278116.19416861114
100.0,2.0,6224,3.0,280000.0,278116.19416861114
300.0,4.0,1420,4.0,1190000.0,900469.4117056192
199.0,3.0,8800,4.0,470661.0,449030.01669832005
160.0,3.0,2880,4.0,449000.0,408670.2049111024
190.0,4.0,9450,4.0,399000.0,493248.29642531165
165.0,4.0,6181,3.0,285000.0,195644.49667559846
183.0,4.0,4610,3.0,135000.0,136385.9134383444
153.0,2.0,6020,2.0,79000.0,121449.40769471822
155.0,3.0,7190,4.0,220000.0,220892.05804516037
159.0,4.0,4420,2.0,209000.0,202466.3559098724
150.0,3.0,8500,3.0,295000.0,263611.4277004305
297.0,5.0,4800,3.0,389000.0,314153.95095584646
240.0,4.0,1420,4.0,670000.0,682965.2636417918
250.0,5.0,7301,3.0,210000.0,244988.7886360303
150.0,2.0,3400,3.0,285000.0,248875.36430143687
250.0,4.0,1390,4.0,385000.0,654921.0529842904
173.0,3.0,4020,3.0,315000.0,315031.748341958
155.0,3.0,7190,4.0,220000.0,220892.05804516037
183.0,3.0,2860,3.0,540000.0,242859.35255808505
150.0,3.0,1495,4.0,489000.0,420970.4668976807
173.0,3.0,4020,3.0,315000.0,315031.748341958
216.0,4.0,1410,2.0,460000.0,486079.9207415965
145.0,3.0,2940,2.0,279000.0,319957.13721383834
112.0,3.0,6250,3.0,185000.0,171957.04490753773
197.0,2.0,9810,4.0,339000.0,501640.0184209255
173.0,3.0,4020,3.0,315000.0,315031.748341958
173.0,3.0,4020,3.0,315000.0,315031.748341958
183.0,4.0,4610,3.0,135000.0,136385.9134383444
123.0,3.0,6061,2.0,94999.0,155020.22347021825
77.0,2.0,4610,3.0,229000.0,227198.7368192002
204.0,3.0,9260,4.0,299000.0,474310.73074974696
350.0,4.0,1630,3.0,750000.0,656340.7087563239
155.0,3.0,7190,4.0,220000.0,220892.05804516037
279.0,4.0,9450,2.0,440000.0,299525.46902428515
183.0,4.0,4610,3.0,135000.0,136385.9134383444
155.0,3.0,7340,2.0,120000.0,161268.71564160998
358.0,5.0,1970,3.0,895000.0,894875.6798654398
183.0,4.0,4610,3.0,135000.0,136385.9134383444
155.0,3.0,7190,4.0,220000.0,220892.05804516037
103.0,2.0,1740,4.0,195000.0,256857.80360009675
123.0,2.0,1800,2.0,349000.0,293297.55413594213
161.0,2.0,4101,3.0,125000.0,183640.2476234523
187.0,3.0,1300,4.0,690000.0,674541.3870032523
162.0,3.0,9300,2.0,265000.0,296671.55772394466
254.0,4.0,2280,4.0,649000.0,479842.07173368294
173.0,3.0,4020,3.0,315000.0,315031.748341958
150.0,3.0,9150,3.0,240000.0,286097.4584081608
100.0,2.0,6224,3.0,280000.0,278116.19416861114
271.0,4.0,1428,4.0,450000.0,604121.5303320477
100.0,2.0,6224,3.0,280000.0,278116.19416861114
107.0,3.0,1150,3.0,475000.0,474870.1154474747
155.0,3.0,7190,4.0,220000.0,220892.05804516037
137.0,3.0,9400,2.0,399000.0,263351.0303155634
173.0,3.0,4020,3.0,315000.0,315031.748341958
173.0,3.0,4020,3.0,315000.0,315031.748341958
160.0,4.0,1160,2.0,595000.0,546929.2704808039
106.0,4.0,7110,2.0,180000.0,120521.1837064106
113.0,2.0,4350,3.0,179000.0,176633.51685396038
148.0,3.0,2800,3.0,369000.0,389426.46423990995
130.0,3.0,7080,4.0,279000.0,293955.3068681313
302.0,3.0,5340,4.0,440000.0,433052.4543410902
148.0,3.0,1200,2.0,495000.0,543484.089169176
183.0,4.0,4610,3.0,135000.0,136385.9134383444
173.0,3.0,4020,3.0,315000.0,315031.748341958
156.0,5.0,1800,2.0,335000.0,314756.3834169357
365.0,5.0,1000,2.0,875000.0,824894.3166180981
157.0,2.0,6238,3.0,259000.0,191904.32011698565
138.0,3.0,2260,2.0,249000.0,254419.6503128861
128.0,2.0,6200,2.0,139999.0,135667.17138601083
358.0,5.0,1970,3.0,895000.0,894875.6798654398
325.0,4.0,1785,3.0,690000.0,546320.1085061947
240.0,3.0,1790,3.0,335000.0,462505.39608178986
183.0,4.0,4610,3.0,135000.0,136385.9134383444
183.0,4.0,4610,3.0,135000.0,136385.9134383444
183.0,4.0,4610,3.0,135000.0,136385.9134383444
76.0,3.0,2060,2.0,56000.0,235766.5010239779
66.0,2.0,5575,4.0,139000.0,76539.84056597369
214.0,5.0,6141,4.0,295000.0,322148.6252304865
165.0,4.0,6747,4.0,440000.0,343555.4315586912
183.0,4.0,4610,3.0,135000.0,136385.9134383444
358.0,5.0,1970,3.0,895000.0,894875.6798654398
100.0,2.0,6224,3.0,280000.0,278116.19416861114
358.0,5.0,1970,3.0,895000.0,894875.6798654398
100.0,2.0,6224,3.0,280000.0,278116.19416861114
77.0,2.0,4610,3.0,229000.0,227198.7368192002
107.0,3.0,1150,3.0,475000.0,474870.1154474747
225.0,5.0,2830,4.0,444000.0,549385.132344385
170.0,3.0,6230,3.0,270000.0,234733.9731923274
77.0,2.0,4610,3.0,229000.0,227198.7368192002
150.0,4.0,7730,4.0,195000.0,340433.8156908743
149.0,4.0,3300,2.0,315000.0,272660.1858939507
358.0,5.0,1970,3.0,895000.0,894875.6798654398
216.0,4.0,9600,2.0,329000.0,256145.27638085274
218.0,4.0,3020,4.0,569000.0,513890.8194952529
100.0,2.0,6224,3.0,280000.0,278116.19416861114
358.0,5.0,1970,3.0,895000.0,894875.6798654398
358.0,5.0,1970,3.0,895000.0,894875.6798654398
340.0,5.0,1440,4.0,1195000.0,766580.3932725913
100.0,3.0,2140,1.0,265000.0,248656.40228840095
120.0,3.0,7340,2.0,170000.0,150013.89163730043
155.0,3.0,7190,4.0,220000.0,220892.05804516037
183.0,4.0,4610,3.0,135000.0,136385.9134383444
173.0,3.0,4020,3.0,315000.0,315031.748341958
391.0,5.0,6900,4.0,565000.0,433006.3147065159
110.0,3.0,4031,2.0,169000.0,163798.24846707413
120.0,3.0,2200,2.0,315000.0,244025.78700039163
216.0,4.0,4130,4.0,485000.0,413111.4754069061
77.0,2.0,4610,3.0,229000.0,227198.7368192002
260.0,4.0,1325,4.0,785000.0,742491.5453781628
205.0,5.0,1180,2.0,695000.0,648664.741869101
153.0,4.0,9100,2.0,349000.0,346794.93907687534
232.0,4.0,1420,4.0,590000.0,643877.9784057811
111.0,2.0,9255,2.0,125000.0,201822.39154542206
233.0,5.0,2018,2.0,625000.0,559858.1673268137
224.0,3.0,3052,4.0,590000.0,540138.2062304688
230.0,5.0,2820,3.0,850000.0,621121.8484534101
140.0,3.0,9000,3.0,321500.0,395039.0772605466
155.0,3.0,7190,4.0,220000.0,220892.05804516037
214.0,3.0,2610,3.0,375000.0,467296.7419837313
255.0,3.0,3300,4.0,375000.0,413778.1889612994
100.0,2.0,6224,3.0,280000.0,278116.19416861114
183.0,4.0,4610,3.0,135000.0,136385.9134383444
238.0,4.0,9310,4.0,460000.0,529170.6400487935
183.0,4.0,4610,3.0,135000.0,136385.9134383444
107.0,3.0,1150,3.0,475000.0,474870.1154474747
90.0,2.0,4480,3.0,190000.0,164480.6973172137
345.0,5.0,1440,4.0,467000.0,746180.0043417851
233.0,3.0,9320,3.0,449000.0,398799.32392209396
183.0,4.0,4610,3.0,135000.0,136385.9134383444
210.0,2.0,1325,4.0,490000.0,514692.4001492922
111.0,3.0,3200,2.0,310000.0,212662.03474313946
139.0,3.0,6210,4.0,240000.0,281172.92545078916
300.0,3.0,4020,4.0,525000.0,497673.7223649273
183.0,4.0,4610,3.0,135000.0,136385.9134383444
106.0,2.0,2910,4.0,369000.0,304835.43024270283
183.0,4.0,4610,3.0,135000.0,136385.9134383444
136.0,2.0,1457,3.0,320000.0,266871.75478031096
180.0,4.0,5030,3.0,390000.0,276160.59324571246
225.0,4.0,5370,2.0,199000.0,235550.4480027934
152.0,3.0,4610,2.0,280000.0,188615.1341048873
135.0,3.0,6110,3.0,195000.0,186328.20353551174
358.0,5.0,1970,3.0,895000.0,894875.6798654398
175.0,3.0,3210,4.0,412000.0,409254.86396362714
155.0,3.0,7190,4.0,220000.0,220892.05804516037
100.0,2.0,6224,3.0,280000.0,278116.19416861114
205.0,3.0,1020,3.0,598000.0,552794.921042659
183.0,4.0,4610,3.0,135000.0,136385.9134383444
171.0,5.0,1040,2.0,600000.0,457148.87344046193
380.0,4.0,7500,2.0,680000.0,406458.7199768495
173.0,3.0,4020,3.0,315000.0,315031.748341958
358.0,5.0,1970,3.0,895000.0,894875.6798654398
146.0,3.0,2630,4.0,495000.0,388613.34536333464
150.0,4.0,4030,2.0,229000.0,216724.9593643484
171.0,3.0,2250,4.0,337000.0,390324.3268594542
135.0,3.0,2890,3.0,269000.0,325687.85887845675
270.0,4.0,2520,4.0,895000.0,606469.7449943438
152.0,3.0,7700,2.0,289000.0,206533.94046117732
206.0,3.0,2150,2.0,345000.0,393815.2789680832
183.0,4.0,4610,3.0,135000.0,136385.9134383444
140.0,3.0,5530,4.0,250000.0,235096.33037406745
170.0,4.0,4990,3.0,238000.0,265464.8543723044
125.0,3.0,1700,3.0,379000.0,345557.9064248428
112.0,3.0,6890,3.0,189000.0,175580.58561017143
197.0,3.0,1500,2.0,385000.0,333868.4325743062
231.0,5.0,5640,3.0,425000.0,258516.55839626558
135.0,2.0,1640,2.0,300000.0,315365.90989199013
168.0,5.0,1170,2.0,615000.0,532550.5602067912
140.0,3.0,6671,4.0,365000.0,269191.48431797634
255.0,3.0,7321,3.0,250000.0,228442.5798708733
163.0,3.0,3900,4.0,389000.0,300653.66460813413
167.0,4.0,6031,2.0,129000.0,165631.27508785512
173.0,3.0,4020,3.0,315000.0,315031.748341958
173.0,2.0,8560,2.0,185000.0,237634.61887827868
112.0,3.0,2800,2.0,209000.0,296154.6449776911
280.0,5.0,1200,3.0,1195000.0,828160.1806286343
148.0,3.0,8000,2.0,349000.0,309914.59313947754
100.0,2.0,6224,3.0,280000.0,278116.19416861114
183.0,4.0,4610,3.0,135000.0,136385.9134383444
170.0,3.0,2610,2.0,675000.0,379897.670878294
200.0,3.0,9200,2.0,275000.0,350887.6963513198
229.0,4.0,4987,4.0,125000.0,466070.7133559292
132.0,3.0,1420,3.0,365000.0,368477.7238443682
180.0,4.0,4100,2.0,159500.0,211209.0682381416
100.0,3.0,4900,4.0,340000.0,269773.34442992683
240.0,3.0,6042,3.0,249000.0,233327.1338924634
257.0,3.0,2320,3.0,499000.0,395048.47359053075
186.0,3.0,7110,2.0,100000.0,216114.7607385644
192.0,3.0,4020,2.0,249500.0,269619.94851604337
113.0,2.0,2930,2.0,319000.0,278652.0092997981
77.0,2.0,4610,3.0,229000.0,227198.7368192002
150.0,3.0,6790,2.0,375000.0,236305.2178920629
117.0,3.0,7380,3.0,126000.0,135604.76048882643
225.0,3.0,2100,2.0,455000.0,384839.208603385
358.0,5.0,1970,3.0,895000.0,894875.6798654398
107.0,3.0,1150,3.0,475000.0,474870.1154474747
185.0,3.0,7950,3.0,189900.0,237004.887656094
175.0,3.0,5580,2.0,280000.0,163798.15979858185
183.0,4.0,4610,3.0,135000.0,136385.9134383444
204.0,4.0,7520,4.0,330000.0,394282.8369994407
142.0,3.0,7140,4.0,280000.0,241087.45328059173
107.0,3.0,1150,3.0,475000.0,474870.1154474747
358.0,5.0,1970,3.0,895000.0,894875.6798654398
165.0,4.0,4500,3.0,395000.0,191615.42539114205
80.0,2.0,7011,2.0,125000.0,91569.47450612199
178.0,3.0,1880,3.0,295000.0,403956.30531477934
183.0,4.0,4610,3.0,135000.0,136385.9134383444
100.0,2.0,6224,3.0,280000.0,278116.19416861114
175.0,4.0,1332,4.0,450000.0,494086.2608174016
183.0,4.0,4610,3.0,135000.0,136385.9134383444
168.0,2.0,2660,2.0,325000.0,365945.1569005869
97.0,3.0,4000,2.0,80000.0,150409.2888841597
190.0,3.0,7322,4.0,225000.0,281937.4344863064
173.0,3.0,4020,3.0,315000.0,315031.748341958
130.0,4.0,1200,2.0,495000.0,549128.2688362057
107.0,3.0,1150,3.0,475000.0,474870.1154474747
226.0,3.0,1851,3.0,239000.0,458063.38075403165
209.0,3.0,2250,4.0,369500.0,385498.6895078825
151.0,2.0,1850,3.0,369000.0,304995.0029203428
358.0,5.0,1970,3.0,895000.0,894875.6798654398
183.0,4.0,4610,3.0,135000.0,136385.9134383444
163.0,4.0,6150,2.0,130000.0,178003.11297954345
107.0,3.0,1150,3.0,475000.0,474870.1154474747
183.0,4.0,4610,3.0,135000.0,136385.9134383444
358.0,5.0,1970,3.0,895000.0,894875.6798654398
160.0,4.0,1150,2.0,410000.0,533212.350278615
77.0,2.0,4610,3.0,229000.0,227198.7368192002
66.0,2.0,4030,3.0,109000.0,101580.76977326232
294.0,4.0,4287,4.0,525000.0,472781.29856808536
173.0,3.0,4020,3.0,315000.0,315031.748341958
142.0,3.0,2070,2.0,199000.0,295465.4473385693
156.0,3.0,1640,3.0,460000.0,449522.3847148557
173.0,3.0,4020,3.0,315000.0,315031.748341958
201.0,5.0,3210,3.0,449500.0,503565.15647680755
167.0,4.0,3680,2.0,215000.0,238029.1008827357
173.0,3.0,4020,3.0,315000.0,315031.748341958
198.0,5.0,1601,4.0,485000.0,596758.8445999657
173.0,3.0,4020,3.0,315000.0,315031.748341958
90.0,2.0,1360,4.0,290000.0,286329.8264355569
100.0,2.0,6224,3.0,280000.0,278116.19416861114
358.0,5.0,1970,3.0,895000.0,894875.6798654398
358.0,5.0,1970,3.0,895000.0,894875.6798654398
150.0,2.0,2580,4.0,279000.0,329300.84262680606
380.0,3.0,2800,2.0,548500.0,704230.5625841825
173.0,3.0,4020,3.0,315000.0,315031.748341958
183.0,4.0,4610,3.0,135000.0,136385.9134383444
173.0,3.0,4020,3.0,315000.0,315031.748341958
117.0,2.0,2630,3.0,349000.0,312904.598895773
155.0,3.0,7190,4.0,220000.0,220892.05804516037
187.0,3.0,1300,4.0,690000.0,674541.3870032523
110.0,3.0,3631,3.0,269000.0,184944.11072308244
150.0,2.0,7180,3.0,199000.0,166017.4229377435
125.0,2.0,2660,2.0,295000.0,302920.620886341
358.0,5.0,1970,3.0,895000.0,894875.6798654398
400.0,4.0,1310,4.0,1290000.0,703688.6573338083
130.0,3.0,2960,2.0,225000.0,381797.27966873033
107.0,3.0,1150,3.0,475000.0,474870.1154474747
100.0,2.0,6224,3.0,280000.0,278116.19416861114
185.0,2.0,1861,2.0,330000.0,370711.0887763985
138.0,4.0,4030,2.0,264000.0,176550.32761670364
169.0,5.0,7000,2.0,499000.0,210663.8113233548
124.0,2.0,6150,4.0,120000.0,191677.79386428234
250.0,4.0,6120,4.0,350000.0,353594.4899268469
177.0,3.0,6460,3.0,119000.0,208945.05386735025
249.0,4.0,2600,2.0,359000.0,489974.46406181867
175.0,3.0,9620,2.0,295000.0,244381.80430396617
184.0,3.0,2580,3.0,268000.0,422258.6618122143
70.0,2.0,6140,3.0,135000.0,89184.16019048815
160.0,4.0,1180,2.0,425000.0,522568.6239708728
280.0,4.0,1380,4.0,895000.0,689450.4607603732
173.0,3.0,4020,3.0,315000.0,315031.748341958
130.0,3.0,1620,3.0,390000.0,412993.9366227883
173.0,3.0,4020,3.0,315000.0,315031.748341958
183.0,4.0,4610,3.0,135000.0,136385.9134383444
200.0,3.0,1700,2.0,496000.0,429934.3047434166
208.0,3.0,2220,3.0,289000.0,348458.0094143175
120.0,3.0,8792,4.0,435000.0,315008.171250203
70.0,2.0,4800,2.0,125000.0,100809.88832552395
110.0,2.0,7100,2.0,110000.0,133251.4465664205
183.0,4.0,4610,3.0,135000.0,136385.9134383444
102.0,4.0,2100,2.0,295000.0,235589.78135717526
77.0,2.0,4610,3.0,229000.0,227198.7368192002
92.0,3.0,4400,4.0,239000.0,226086.84835056897
250.0,3.0,9550,4.0,435000.0,376449.17260447115
160.0,3.0,2275,4.0,349000.0,386468.82063977106
147.0,2.0,9170,3.0,215000.0,266519.4997105284
178.0,4.0,1853,2.0,375000.0,383145.6825580443
125.0,4.0,4100,2.0,210000.0,181053.4448115922
215.0,2.0,3300,4.0,378000.0,369864.79182382644
160.0,4.0,1020,2.0,475000.0,391003.96937087306
360.0,5.0,2970,4.0,725000.0,986944.2707425222
95.0,2.0,2280,3.0,269000.0,241921.5538315995
133.0,3.0,3200,2.0,160000.0,233533.39812696673
100.0,2.0,6224,3.0,280000.0,278116.19416861114
148.0,3.0,4840,2.0,373980.0,215555.54058387404
107.0,3.0,1150,3.0,475000.0,474870.1154474747
180.0,4.0,9620,2.0,349000.0,244269.8372271507
380.0,4.0,2950,2.0,895000.0,756058.3295569804
115.0,3.0,9000,2.0,245000.0,280948.6040928681
160.0,2.0,2800,2.0,115000.0,300919.5514675483
253.0,2.0,7800,4.0,308000.0,387472.72824822966
165.0,4.0,4530,3.0,350000.0,191615.42539114205
93.0,3.0,7100,2.0,110000.0,173148.70274922525
365.0,5.0,5100,4.0,820000.0,563955.7846755667
225.0,3.0,6280,4.0,399000.0,300279.454389282
175.0,3.0,9860,4.0,295000.0,465753.14710000105
358.0,5.0,1970,3.0,895000.0,894875.6798654398
182.0,3.0,1325,3.0,695000.0,359653.5150110749
189.0,2.0,6700,2.0,170000.0,214028.6807544874
125.0,2.0,1500,3.0,250000.0,323564.77433145273
103.0,2.0,2870,2.0,295000.0,216676.53853828373
107.0,3.0,1150,3.0,475000.0,474870.1154474747
358.0,5.0,1970,3.0,895000.0,894875.6798654398
358.0,5.0,1970,3.0,895000.0,894875.6798654398
191.0,3.0,9260,3.0,195000.0,319801.1900804934
188.0,3.0,8570,4.0,1150000.0,451692.54578845686
100.0,2.0,6224,3.0,280000.0,278116.19416861114
173.0,3.0,4020,3.0,315000.0,315031.748341958
100.0,2.0,6224,3.0,280000.0,278116.19416861114
182.0,5.0,1981,2.0,303000.0,413520.1698045851
303.0,3.0,1780,4.0,400000.0,704344.7118954358
235.0,5.0,6200,2.0,220000.0,191130.81766155735
358.0,5.0,1970,3.0,895000.0,894875.6798654398
183.0,4.0,4610,3.0,135000.0,136385.9134383444
255.0,2.0,1570,4.0,499500.0,608830.653051587
155.0,3.0,7190,4.0,220000.0,220892.05804516037
120.0,3.0,5651,4.0,369000.0,237939.81410705525
95.0,2.0,1470,2.0,175000.0,215650.82518305842
200.0,3.0,3110,3.0,404000.0,390427.3747017028
222.0,5.0,9030,4.0,580000.0,647509.8194723462
273.0,5.0,1640,4.0,695000.0,810957.7350662054
100.0,2.0,6224,3.0,280000.0,278116.19416861114
183.0,4.0,4610,3.0,135000.0,136385.9134383444
173.0,3.0,4020,3.0,315000.0,315031.748341958
100.0,2.0,6224,3.0,280000.0,278116.19416861114
183.0,4.0,4610,3.0,135000.0,136385.9134383444
190.0,3.0,9450,4.0,399000.0,500871.0041066934
168.0,4.0,9820,2.0,339000.0,322929.02187404095
358.0,5.0,1970,3.0,895000.0,894875.6798654398
183.0,4.0,4610,3.0,135000.0,136385.9134383444
150.0,3.0,9042,4.0,495000.0,423273.2274650151
77.0,2.0,4610,3.0,229000.0,227198.7368192002
200.0,4.0,1360,4.0,400000.0,487897.90721189545
130.0,4.0,1600,2.0,350000.0,371148.3052435164
184.0,3.0,2100,2.0,275000.0,358125.6253747348
180.0,3.0,4100,4.0,249500.0,316975.3266835547
392.0,5.0,2240,4.0,845000.0,608822.9157795815
183.0,4.0,4610,3.0,135000.0,136385.9134383444
224.0,4.0,9570,3.0,329000.0,311250.6094137176
100.0,2.0,6224,3.0,280000.0,278116.19416861114
115.0,3.0,1502,4.0,299000.0,413728.90026717965
100.0,2.0,6224,3.0,280000.0,278116.19416861114
100.0,2.0,6224,3.0,280000.0,278116.19416861114
324.0,5.0,6040,2.0,350000.0,286720.0166358279
161.0,3.0,8000,2.0,575000.0,308336.8366471857
250.0,3.0,1180,2.0,937000.0,717054.7846593714
77.0,2.0,4610,3.0,229000.0,227198.7368192002
100.0,2.0,6224,3.0,280000.0,278116.19416861114
192.0,4.0,5020,4.0,225000.0,441899.1556465426
115.0,3.0,2140,2.0,235000.0,264179.31423497194
136.0,3.0,3070,2.0,376000.0,301926.050203322
160.0,3.0,1390,4.0,400000.0,536417.6376906711
100.0,2.0,6224,3.0,280000.0,278116.19416861114
206.0,3.0,7100,3.0,349000.0,302606.5806272837
358.0,5.0,1970,3.0,895000.0,894875.6798654398
160.0,4.0,1300,4.0,375000.0,527182.7861204218
150.0,4.0,1081,2.0,365000.0,431942.5484718919
155.0,3.0,7190,4.0,220000.0,220892.05804516037
158.0,4.0,4040,2.0,229000.0,168527.32207104974
147.0,3.0,5580,2.0,115000.0,150011.5452068284
115.0,3.0,6032,2.0,165000.0,133875.47842101436
278.0,4.0,6830,4.0,1000000.0,340314.96558824566
173.0,3.0,4020,3.0,315000.0,315031.748341958
77.0,2.0,4610,3.0,229000.0,227198.7368192002
100.0,2.0,6224,3.0,280000.0,278116.19416861114
173.0,3.0,4020,3.0,315000.0,315031.748341958
358.0,5.0,1970,3.0,895000.0,894875.6798654398
132.0,2.0,8530,2.0,149750.0,195818.7058042018
240.0,4.0,4020,4.0,469000.0,428597.6239112252
110.0,3.0,7110,4.0,215000.0,306980.6065068043
139.0,2.0,2200,2.0,235000.0,233285.5161471772
155.0,3.0,7190,4.0,220000.0,220892.05804516037
119.0,3.0,7100,3.0,140000.0,214772.73863907793
107.0,3.0,1150,3.0,475000.0,474870.1154474747
180.0,2.0,8670,4.0,440000.0,448608.3011337379
230.0,4.0,4350,2.0,100000.0,239202.83706364984
400.0,4.0,6951,4.0,395000.0,457011.5133523091
173.0,3.0,4020,3.0,315000.0,315031.748341958
150.0,3.0,1745,3.0,298000.0,352030.07398827287
173.0,3.0,4020,3.0,315000.0,315031.748341958
290.0,4.0,2370,4.0,445000.0,558337.3803328698
184.0,3.0,7140,2.0,279000.0,190672.93130583005
70.0,2.0,1300,2.0,215000.0,267596.83101897506
155.0,3.0,7190,4.0,220000.0,220892.05804516037
160.0,4.0,1070,2.0,399000.0,383736.2311888443
107.0,3.0,1150,3.0,475000.0,474870.1154474747
173.0,3.0,4020,3.0,315000.0,315031.748341958
206.0,3.0,9100,2.0,300000.0,367850.8020214341
358.0,5.0,1970,3.0,895000.0,894875.6798654398
183.0,4.0,4610,3.0,135000.0,136385.9134383444
180.0,5.0,6040,2.0,165000.0,182211.87832388686
120.0,3.0,2830,2.0,269000.0,305254.6540602059
193.0,3.0,1420,4.0,550000.0,578951.7042130304
265.0,5.0,1350,4.0,425000.0,687209.8476017974
194.0,5.0,4100,2.0,250000.0,216727.61386325487
95.0,2.0,6020,2.0,50000.0,110748.81370583086
148.0,3.0,2600,2.0,269500.0,321268.2392623091
358.0,5.0,1970,3.0,895000.0,894875.6798654398
177.0,4.0,6183,3.0,190000.0,213621.9287499337
158.0,3.0,2480,4.0,249000.0,362660.49223009415
180.0,5.0,4430,3.0,399000.0,264887.2426115168
285.0,4.0,2000,2.0,965000.0,667438.5623883146
161.0,5.0,9100,3.0,369000.0,330886.5946159432
85.0,3.0,4121,3.0,349000.0,169083.76920687736
173.0,3.0,4020,3.0,315000.0,315031.748341958
238.0,4.0,1190,2.0,499000.0,605357.0641836295
255.0,5.0,1301,4.0,900000.0,641539.2201898715
155.0,3.0,7190,4.0,220000.0,220892.05804516037
118.0,2.0,9500,2.0,179000.0,161267.46146729976
191.0,4.0,3500,2.0,249000.0,280465.0788054338
148.0,2.0,4460,3.0,240000.0,169510.06805514666
156.0,2.0,4877,4.0,189000.0,204870.60994439837
173.0,3.0,4020,3.0,315000.0,315031.748341958
186.0,3.0,8530,3.0,255000.0,306677.44131885015
206.0,4.0,5150,4.0,400000.0,419362.7324858986
358.0,5.0,1970,3.0,895000.0,894875.6798654398
220.0,5.0,9500,4.0,469000.0,422905.63741485804
330.0,5.0,6280,4.0,535000.0,447331.4211552789
200.0,2.0,1070,2.0,449000.0,480848.79548261996
180.0,3.0,9310,3.0,485000.0,323044.90099857625
108.0,3.0,7700,2.0,139000.0,150954.61159279998
100.0,2.0,6224,3.0,280000.0,278116.19416861114
235.0,3.0,3320,3.0,279000.0,330657.75829314935
130.0,2.0,4030,2.0,225000.0,183344.50409673835
100.0,2.0,6224,3.0,280000.0,278116.19416861114
106.0,2.0,3360,3.0,272000.0,200083.2667261512
175.0,4.0,1082,2.0,380000.0,427005.56955593516
264.0,4.0,2235,4.0,365000.0,477677.0141543475
203.0,3.0,4550,3.0,415000.0,261645.1991890576
77.0,2.0,4610,3.0,229000.0,227198.7368192002
173.0,3.0,4020,3.0,315000.0,315031.748341958
155.0,3.0,7190,4.0,220000.0,220892.05804516037
155.0,3.0,7190,4.0,220000.0,220892.05804516037
173.0,3.0,4020,3.0,315000.0,315031.748341958
155.0,3.0,7190,4.0,220000.0,220892.05804516037
170.0,3.0,1320,4.0,299000.0,494178.2434630841
147.0,3.0,2200,4.0,339000.0,284140.0131616916
183.0,4.0,4610,3.0,135000.0,136385.9134383444
262.0,5.0,6800,4.0,499000.0,359845.0023934967
140.0,4.0,4031,3.0,125000.0,231580.0147493378
100.0,2.0,6224,3.0,280000.0,278116.19416861114
397.0,5.0,2550,4.0,1185000.0,748117.2521241626
155.0,3.0,7190,4.0,220000.0,220892.05804516037
147.0,3.0,2300,2.0,219000.0,258335.63708463925
358.0,5.0,1970,3.0,895000.0,894875.6798654398
100.0,2.0,6224,3.0,280000.0,278116.19416861114
358.0,5.0,1970,3.0,895000.0,894875.6798654398
105.0,2.0,1640,4.0,445000.0,401691.87446532917
176.0,2.0,1600,3.0,299000.0,437068.5001038846
100.0,2.0,6224,3.0,280000.0,278116.19416861114
159.0,3.0,1654,2.0,275000.0,353084.1145240374
107.0,3.0,1150,3.0,475000.0,474870.1154474747
150.0,3.0,3012,3.0,559000.0,380094.21703472105
183.0,4.0,4610,3.0,135000.0,136385.9134383444
194.0,3.0,5580,3.0,190000.0,194488.4538216419
167.0,3.0,9255,2.0,285000.0,286333.00738460553
115.0,2.0,1800,4.0,269000.0,317697.99700521014
160.0,3.0,1180,2.0,465000.0,525088.8421283275
105.0,2.0,6230,2.0,150000.0,140411.6887706805
400.0,5.0,6700,3.0,260000.0,381842.29646818875
124.0,3.0,1460,2.0,399000.0,272165.95481381926
201.0,3.0,7080,2.0,160000.0,274902.6756081518
358.0,5.0,1970,3.0,895000.0,894875.6798654398
155.0,3.0,7190,4.0,220000.0,220892.05804516037
225.0,4.0,1652,4.0,549000.0,645103.320221143
159.0,3.0,3560,3.0,239000.0,252918.9269401028
77.0,2.0,4610,3.0,229000.0,227198.7368192002
100.0,2.0,6224,3.0,280000.0,278116.19416861114
358.0,5.0,1970,3.0,895000.0,894875.6798654398
90.0,2.0,2800,2.0,227000.0,234004.28238149275
358.0,5.0,1970,3.0,895000.0,894875.6798654398
239.0,4.0,2450,4.0,395000.0,475433.0996051171
196.0,3.0,4860,4.0,369000.0,345268.025169251
173.0,3.0,4020,3.0,315000.0,315031.748341958
173.0,3.0,4020,3.0,315000.0,315031.748341958
162.0,3.0,2300,2.0,245000.0,272144.55550329137
358.0,5.0,1970,3.0,895000.0,894875.6798654398
75.0,3.0,8370,2.0,150000.0,172287.37366079923
211.0,3.0,4920,3.0,249900.0,268055.7469510128
358.0,5.0,1970,3.0,895000.0,894875.6798654398
100.0,2.0,6224,3.0,280000.0,278116.19416861114
232.0,4.0,4280,4.0,249000.0,418003.30241004797
117.0,3.0,2050,3.0,359000.0,329946.69774792535
150.0,4.0,4500,2.0,289500.0,185381.77876919342
155.0,3.0,7190,4.0,220000.0,220892.05804516037
200.0,3.0,8790,2.0,399000.0,309419.25505229685
125.0,3.0,1180,2.0,418500.0,474410.1604051864
155.0,3.0,2660,2.0,434000.0,346781.59656381153
173.0,3.0,4020,3.0,315000.0,315031.748341958
358.0,5.0,1970,3.0,895000.0,894875.6798654398
